row_index,word
0,ACTOR
1,ACTRESS
2,AGENT
3,AIRPLANE
4,AIRPORT
5,ANKLE
6,ANTLER
7,APPLE
8,APRON
9,ARM
10,ARMY
11,ASIA
12,ATLAS
13,ATOM
14,AUTHOR
15,AWARD
16,BABY
17,BACKBONE
18,BACON
19,BADGE
20,BALLOON
21,BANJO
22,BANK
23,BANKER
24,BANQUET
25,BARLEY
26,BARREL
27,BASEMENT
28,BATHTUB
29,BEAKER
30,BEAST
31,BEAVER
32,BEEF
33,BELLY
34,BIKE
35,BINDER
36,BISON
37,BLACKBOARD
38,BLADE
39,BLENDER
40,BLOCKADE
41,BLOUSE
42,BLUEPRINT
43,BOARD
44,BODY
45,BOUQUET
46,BOX
47,BOYFRIEND
48,BRACES
49,BRAKE
50,BRANCH
51,BRANDY
52,BREAST
53,BRICK
54,BRIEFCASE
55,BROOK
56,BROTHER
57,BUBBLE
58,BUCKET
59,BUG
60,BUGGY
61,BULLET
62,BUNNY
63,BUREAU
64,BURGLAR
65,BUTCHER
66,CABBAGE
67,CABIN
68,CAFE
69,CAMEL
70,CANAL
71,CANDY
72,CANYON
73,CAPTIVE
74,CARRIAGE
75,CARROT
76,CASHEW
77,CASHIER
78,CASKET
79,CATCHER
80,CATTLE
81,CEILING
82,CELLAR
83,CHAMPAGNE
84,CHAPEL
85,CHAUFFEUR
86,CHEMIST
87,CHEST
88,CHILD
89,CHIPMUNK
90,CHURCH
91,CIGAR
92,CITRUS
93,CLAM
94,CLAMP
95,CLIMBER
96,CLOCK
97,CLOTHES
98,CLOUD
99,COBRA
100,COCKTAIL
101,COCOON
102,COD
103,COFFEE
104,COIN
105,COLLEGE
106,COLONEL
107,COMET
108,COMPASS
109,CONCERT
110,CONTRACT
111,CONVICT
112,COOK
113,COOKBOOK
114,CORAL
115,COSTUME
116,COTTAGE
117,COUCH
118,COUNTRY
119,COUNTY
120,COURSE
121,COUSIN
122,COWBOY
123,CRAB
124,CRATER
125,CRAYON
126,CREATURE
127,CREVICE
128,CRIB
129,CRICKET
130,CRITIC
131,CROSS
132,CROWN
133,CRUTCH
134,CUPBOARD
135,CURTAIN
136,CUSTARD
137,CYCLONE
138,DAISY
139,DANCER
140,DANDRUFF
141,DASHBOARD
142,DAUGHTER
143,DENIM
144,DENTIST
145,DIME
146,DINER
147,DIVER
148,DOLPHIN
149,DONKEY
150,DONOR
151,DORM
152,DOUGHNUT
153,DRAGON
154,DRAWING
155,DRESS
156,DRESSER
157,DRILL
158,DRINK
159,DRIVER
160,DRUG
161,DUST
162,DUSTPAN
163,EAGLE
164,EGYPT
165,ELBOW
166,EMPIRE
167,EUROPE
168,EXPERT
169,EYELASH
170,FARMER
171,FEMALE
172,FIDDLE
173,FILM
174,FINGER
175,FIREMAN
176,FIREPLACE
177,FLAG
178,FLASHLIGHT
179,FLASK
180,FLEET
181,FLESH
182,FLIPPER
183,FLOWER
184,FLUTE
185,FOOT
186,FOOTBALL
187,FOREHEAD
188,FOREST
189,FOX
190,FRAGRANCE
191,FRAME
192,FRANCE
193,FRECKLE
194,FREEZER
195,FRIAR
196,FRIEND
197,FRUIT
198,FUNGUS
199,GALLON
200,GANGSTER
201,GARBAGE
202,GARDEN
203,GARLIC
204,GAVEL
205,GAZELLE
206,GHETTO
207,GIFT
208,GIRL
209,GLASS
210,GLOBE
211,GLOVE
212,GOBLIN
213,GRAPE
214,GRAVE
215,GRAVEL
216,GREASE
217,GRILL
218,GRIZZLY
219,GROUND
220,GUARD
221,GUITAR
222,GYMNAST
223,HAMPER
224,HAND
225,HANDBAG
226,HARP
227,HATCHET
228,HAWK
229,HEADBAND
230,HEART
231,HEDGE
232,HELMET
233,HERO
234,HIGHWAY
235,HIKER
236,HONEY
237,HOOD
238,HOOK
239,HORNET
240,HORSE
241,HOSTESS
242,HOUND
243,HUMAN
244,HUSBAND
245,ICEBERG
246,ICING
247,IDOL
248,IGLOO
249,INFANT
250,INMATE
251,ISLAND
252,ITEM
253,JAPAN
254,JEANS
255,JELLO
256,JELLY
257,JOURNAL
258,JUDGE
259,JUGGLER
260,JUNGLE
261,JURY
262,KEEPER
263,KETCHUP
264,KIDNEY
265,KITCHEN
266,KLEENEX
267,KNAPSACK
268,KNIFE
269,LABEL
270,LACE
271,LADDER
272,LADY
273,LAGOON
274,LAKE
275,LAMP
276,LAPEL
277,LASER
278,LAVA
279,LEADER
280,LEG
281,LEOPARD
282,LETTUCE
283,LIGHTNING
284,LILY
285,LION
286,LIPSTICK
287,LIVER
288,LIZARD
289,LODGE
290,LOFT
291,LONDON
292,LOVER
293,LUGGAGE
294,LUMBER
295,LUNCH
296,MACHINE
297,MAILBOX
298,MAILMAN
299,MAMMAL
300,MAPLE
301,MARINE
302,MARKER
303,MARKET
304,MARROW
305,MARS
306,MARSH
307,MASK
308,MATCH
309,MATTRESS
310,MEAT
311,MEDAL
312,MESSAGE
313,MILDEW
314,MILK
315,MISSILE
316,MISTER
317,MONEY
318,MONSTER
319,MOP
320,MOTEL
321,MOTOR
322,MUFFIN
323,MUMMY
324,MUSTARD
325,NAPKIN
326,NECKLACE
327,NEUTRON
328,NIGHTGOWN
329,NOMAD
330,NOTEBOOK
331,NOVEL
332,NURSE
333,OFFICE
334,OINTMENT
335,OMELET
336,ONION
337,ORANGE
338,ORCHID
339,OUTDOORS
340,OUTFIT
341,OUTLAW
342,OX
343,OYSTER
344,OZONE
345,PACKAGE
346,PADDING
347,PADDLE
348,PAIL
349,PALACE
350,PANTHER
351,PAPER
352,PARENT
353,PARROT
354,PARSLEY
355,PARTNER
356,PASSAGE
357,PASTA
358,PASTRY
359,PATIENT
360,PATROL
361,PEACH
362,PEANUT
363,PEBBLE
364,PECAN
365,PEDAL
366,PENGUIN
367,PEPPER
368,PERCH
369,PERFUME
370,PERMIT
371,PIANO
372,PICNIC
373,PICTURE
374,PIGEON
375,PIGMENT
376,PILOT
377,PIMPLE
378,PISTOL
379,PISTON
380,PIZZA
381,PLAID
382,PLASTER
383,PLATE
384,PLAYGROUND
385,PLAZA
386,PLIERS
387,PLUTO
388,POCKET
389,POET
390,POISON
391,POLICE
392,POPCORN
393,PORK
394,PORTRAIT
395,POSSUM
396,POSTAGE
397,POWDER
398,PREACHER
399,PRIMATE
400,PRINCE
401,PRINCESS
402,PROTON
403,PUDDING
404,PUDDLE
405,PUPIL
406,PUPPY
407,QUAIL
408,QUARTER
409,QUEEN
410,RABBIT
411,RACKET
412,RADISH
413,RAFT
414,RATTLE
415,RAZOR
416,REBEL
417,RECEIPT
418,RECORD
419,RELISH
420,REPORT
421,RIFLE
422,RIVER
423,ROBBER
424,ROBIN
425,ROBOT
426,ROCKET
427,ROD
428,ROOSTER
429,RUG
430,RUST
431,SADDLE
432,SALAD
433,SALMON
434,SALT
435,SANDWICH
436,SAUSAGE
437,SCALLOP
438,SCALPEL
439,SCARECROW
440,SCARF
441,SCISSORS
442,SCOTCH
443,SCRIBBLE
444,SCULPTURE
445,SEAFOOD
446,SEAGULL
447,SEAL
448,SERVANT
449,SERVER
450,SHARK
451,SHELF
452,SHELTER
453,SHERIFF
454,SHIRT
455,SHORTCAKE
456,SHORTS
457,SHOULDER
458,SHOVEL
459,SHRUB
460,SIBLING
461,SIDEWALK
462,SILK
463,SISTER
464,SKETCH
465,SKILLET
466,SKIRT
467,SLIDE
468,SLIME
469,SLOPE
470,SLUG
471,SMOG
472,SNACK
473,SNAIL
474,SNAKE
475,SODA
476,SOFTBALL
477,SPACE
478,SPARROW
479,SPHINX
480,SPIDER
481,SPONGE
482,SPOOL
483,SPOON
484,SPOUSE
485,STAKE
486,STALLION
487,STAMP
488,STAPLE
489,STAR
490,STATUE
491,STICKER
492,STOMACH
493,STONE
494,STOVE
495,STREAM
496,STUDENT
497,SUBWAY
498,SUITCASE
499,SUMMIT
500,SUNRISE
501,SUNSET
502,SUPPER
503,SURVEY
504,SUSPECT
505,SWAMP
506,SWIMMER
507,SWITCH
508,SWORD
509,TABLE
510,TABLET
511,TART
512,TAXI
513,TEACHER
514,TEMPLE
515,TERMITE
516,THIEF
517,THREAD
518,THRONE
519,TILE
520,TOASTER
521,TOMBSTONE
522,TORTOISE
523,TOURIST
524,TRACTOR
525,TRANSPLANT
526,TREAT
527,TRENCH
528,TRIBE
529,TROMBONE
530,TROUT
531,TRUCK
532,TUBA
533,TUNNEL
534,TURKEY
535,TURNIP
536,TURTLE
537,TUTU
538,TWEEZERS
539,TWIG
540,TWISTER
541,TYPIST
542,ULCER
543,UMPIRE
544,UNCLE
545,VAGRANT
546,VALLEY
547,VALVE
548,VELVET
549,VENUS
550,VICTIM
551,VIKING
552,VIRUS
553,WAGON
554,WAITER
555,WAITRESS
556,WARDROBE
557,WASHER
558,WASP
559,WHISKERS
560,WHISTLE
561,WIDOW
562,WIFE
563,WINDOW
564,WITNESS
565,WOMAN
566,WORKER
567,WORLD
568,WRENCH
569,WRIST
570,XEROX
571,YACHT
572,YARN
573,YOLK
574,ZEBRA
575,ZIPPER
