subject,session,trial,serialpos,word,item_num,onset,sample,recalled,eeg_file,event_file
LTP063,15,1,1,BEAST,108,294.724,147362,1,data/ds004395/sub-LTP063/ses-15/eeg/sub-LTP063_ses-15_task-ltpFR_eeg.edf,data/ds004395/sub-LTP063/ses-15/eeg/sub-LTP063_ses-15_task-ltpFR_events.tsv
LTP063,15,1,2,ISLAND,745,298.772,149386,1,data/ds004395/sub-LTP063/ses-15/eeg/sub-LTP063_ses-15_task-ltpFR_eeg.edf,data/ds004395/sub-LTP063/ses-15/eeg/sub-LTP063_ses-15_task-ltpFR_events.tsv
LTP063,15,1,3,PROTON,1132,302.954,151477,1,data/ds004395/sub-LTP063/ses-15/eeg/sub-LTP063_ses-15_task-ltpFR_eeg.edf,data/ds004395/sub-LTP063/ses-15/eeg/sub-LTP063_ses-15_task-ltpFR_events.tsv
LTP063,15,1,4,PANTHER,1009,306.844,153422,1,data/ds004395/sub-LTP063/ses-15/eeg/sub-LTP063_ses-15_task-ltpFR_eeg.edf,data/ds004395/sub-LTP063/ses-15/eeg/sub-LTP063_ses-15_task-ltpFR_events.tsv
LTP063,15,1,5,DAM,436,310.852,155426,0,data/ds004395/sub-LTP063/ses-15/eeg/sub-LTP063_ses-15_task-ltpFR_eeg.edf,data/ds004395/sub-LTP063/ses-15/eeg/sub-LTP063_ses-15_task-ltpFR_events.tsv
LTP063,15,1,6,BISON,131,315.034,157517,1,data/ds004395/sub-LTP063/ses-15/eeg/sub-LTP063_ses-15_task-ltpFR_eeg.edf,data/ds004395/sub-LTP063/ses-15/eeg/sub-LTP063_ses-15_task-ltpFR_events.tsv
LTP063,15,1,7,BERRY,122,318.984,159492,1,data/ds004395/sub-LTP063/ses-15/eeg/sub-LTP063_ses-15_task-ltpFR_eeg.edf,data/ds004395/sub-LTP063/ses-15/eeg/sub-LTP063_ses-15_task-ltpFR_events.tsv
LTP063,15,1,8,ALLEY,15,323.024,161512,0,data/ds004395/sub-LTP063/ses-15/eeg/sub-LTP063_ses-15_task-ltpFR_eeg.edf,data/ds004395/sub-LTP063/ses-15/eeg/sub-LTP063_ses-15_task-ltpFR_events.tsv
LTP063,15,1,9,CONCRETE,361,327.222,163611,1,data/ds004395/sub-LTP063/ses-15/eeg/sub-LTP063_ses-15_task-ltpFR_eeg.edf,data/ds004395/sub-LTP063/ses-15/eeg/sub-LTP063_ses-15_task-ltpFR_events.tsv
LTP063,15,1,10,ROAD,1196,331.104,165552,1,data/ds004395/sub-LTP063/ses-15/eeg/sub-LTP063_ses-15_task-ltpFR_eeg.edf,data/ds004395/sub-LTP063/ses-15/eeg/sub-LTP063_ses-15_task-ltpFR_events.tsv
LTP063,15,1,11,WAITRESS,1581,335.162,167581,1,data/ds004395/sub-LTP063/ses-15/eeg/sub-LTP063_ses-15_task-ltpFR_eeg.edf,data/ds004395/sub-LTP063/ses-15/eeg/sub-LTP063_ses-15_task-ltpFR_events.tsv
LTP063,15,1,12,FEAST,556,339.102,169551,1,data/ds004395/sub-LTP063/ses-15/eeg/sub-LTP063_ses-15_task-ltpFR_eeg.edf,data/ds004395/sub-LTP063/ses-15/eeg/sub-LTP063_ses-15_task-ltpFR_events.tsv
LTP063,15,1,13,COLUMN,350,342.984,171492,1,data/ds004395/sub-LTP063/ses-15/eeg/sub-LTP063_ses-15_task-ltpFR_eeg.edf,data/ds004395/sub-LTP063/ses-15/eeg/sub-LTP063_ses-15_task-ltpFR_events.tsv
LTP063,15,1,14,EDITORIAL,517,347.15,173575,0,data/ds004395/sub-LTP063/ses-15/eeg/sub-LTP063_ses-15_task-ltpFR_eeg.edf,data/ds004395/sub-LTP063/ses-15/eeg/sub-LTP063_ses-15_task-ltpFR_events.tsv
LTP063,15,1,15,SLUG,1329,351.082,175541,1,data/ds004395/sub-LTP063/ses-15/eeg/sub-LTP063_ses-15_task-ltpFR_eeg.edf,data/ds004395/sub-LTP063/ses-15/eeg/sub-LTP063_ses-15_task-ltpFR_events.tsv
LTP063,15,1,16,TOMATO,1476,355.014,177507,1,data/ds004395/sub-LTP063/ses-15/eeg/sub-LTP063_ses-15_task-ltpFR_eeg.edf,data/ds004395/sub-LTP063/ses-15/eeg/sub-LTP063_ses-15_task-ltpFR_events.tsv
LTP063,15,2,1,STONE,1385,440.104,220052,0,data/ds004395/sub-LTP063/ses-15/eeg/sub-LTP063_ses-15_task-ltpFR_eeg.edf,data/ds004395/sub-LTP063/ses-15/eeg/sub-LTP063_ses-15_task-ltpFR_events.tsv
LTP063,15,2,2,VIOLIN,1571,443.97,221985,0,data/ds004395/sub-LTP063/ses-15/eeg/sub-LTP063_ses-15_task-ltpFR_eeg.edf,data/ds004395/sub-LTP063/ses-15/eeg/sub-LTP063_ses-15_task-ltpFR_events.tsv
LTP063,15,2,3,DIRECTOR,471,448.026,224013,0,data/ds004395/sub-LTP063/ses-15/eeg/sub-LTP063_ses-15_task-ltpFR_eeg.edf,data/ds004395/sub-LTP063/ses-15/eeg/sub-LTP063_ses-15_task-ltpFR_events.tsv
LTP063,15,2,4,WITNESS,1618,452.176,226088,1,data/ds004395/sub-LTP063/ses-15/eeg/sub-LTP063_ses-15_task-ltpFR_eeg.edf,data/ds004395/sub-LTP063/ses-15/eeg/sub-LTP063_ses-15_task-ltpFR_events.tsv
LTP063,15,2,5,BLUEBERRY,140,456.226,228113,0,data/ds004395/sub-LTP063/ses-15/eeg/sub-LTP063_ses-15_task-ltpFR_eeg.edf,data/ds004395/sub-LTP063/ses-15/eeg/sub-LTP063_ses-15_task-ltpFR_events.tsv
LTP063,15,2,6,WORKER,1621,460.058,230029,0,data/ds004395/sub-LTP063/ses-15/eeg/sub-LTP063_ses-15_task-ltpFR_eeg.edf,data/ds004395/sub-LTP063/ses-15/eeg/sub-LTP063_ses-15_task-ltpFR_events.tsv
LTP063,15,2,7,BAIT,70,463.872,231936,0,data/ds004395/sub-LTP063/ses-15/eeg/sub-LTP063_ses-15_task-ltpFR_eeg.edf,data/ds004395/sub-LTP063/ses-15/eeg/sub-LTP063_ses-15_task-ltpFR_events.tsv
LTP063,15,2,8,SUITCASE,1403,467.87,233935,0,data/ds004395/sub-LTP063/ses-15/eeg/sub-LTP063_ses-15_task-ltpFR_eeg.edf,data/ds004395/sub-LTP063/ses-15/eeg/sub-LTP063_ses-15_task-ltpFR_events.tsv
LTP063,15,2,9,KNAPSACK,783,471.92,235960,0,data/ds004395/sub-LTP063/ses-15/eeg/sub-LTP063_ses-15_task-ltpFR_eeg.edf,data/ds004395/sub-LTP063/ses-15/eeg/sub-LTP063_ses-15_task-ltpFR_events.tsv
LTP063,15,2,10,RACK,1154,475.784,237892,0,data/ds004395/sub-LTP063/ses-15/eeg/sub-LTP063_ses-15_task-ltpFR_eeg.edf,data/ds004395/sub-LTP063/ses-15/eeg/sub-LTP063_ses-15_task-ltpFR_events.tsv
LTP063,15,2,11,MINK,897,479.934,239967,0,data/ds004395/sub-LTP063/ses-15/eeg/sub-LTP063_ses-15_task-ltpFR_eeg.edf,data/ds004395/sub-LTP063/ses-15/eeg/sub-LTP063_ses-15_task-ltpFR_events.tsv
LTP063,15,2,12,SEA,1259,483.85,241925,1,data/ds004395/sub-LTP063/ses-15/eeg/sub-LTP063_ses-15_task-ltpFR_eeg.edf,data/ds004395/sub-LTP063/ses-15/eeg/sub-LTP063_ses-15_task-ltpFR_events.tsv
LTP063,15,2,13,LEADER,807,488.04,244020,0,data/ds004395/sub-LTP063/ses-15/eeg/sub-LTP063_ses-15_task-ltpFR_eeg.edf,data/ds004395/sub-LTP063/ses-15/eeg/sub-LTP063_ses-15_task-ltpFR_events.tsv
LTP063,15,2,14,ORCHESTRA,981,492.04,246020,0,data/ds004395/sub-LTP063/ses-15/eeg/sub-LTP063_ses-15_task-ltpFR_eeg.edf,data/ds004395/sub-LTP063/ses-15/eeg/sub-LTP063_ses-15_task-ltpFR_events.tsv
LTP063,15,2,15,NEST,945,495.888,247944,1,data/ds004395/sub-LTP063/ses-15/eeg/sub-LTP063_ses-15_task-ltpFR_eeg.edf,data/ds004395/sub-LTP063/ses-15/eeg/sub-LTP063_ses-15_task-ltpFR_events.tsv
LTP063,15,2,16,HAWK,692,499.786,249893,1,data/ds004395/sub-LTP063/ses-15/eeg/sub-LTP063_ses-15_task-ltpFR_eeg.edf,data/ds004395/sub-LTP063/ses-15/eeg/sub-LTP063_ses-15_task-ltpFR_events.tsv
LTP063,15,3,1,MILITARY,894,583.936,291968,1,data/ds004395/sub-LTP063/ses-15/eeg/sub-LTP063_ses-15_task-ltpFR_eeg.edf,data/ds004395/sub-LTP063/ses-15/eeg/sub-LTP063_ses-15_task-ltpFR_events.tsv
LTP063,15,3,2,WHEEL,1603,587.952,293976,1,data/ds004395/sub-LTP063/ses-15/eeg/sub-LTP063_ses-15_task-ltpFR_eeg.edf,data/ds004395/sub-LTP063/ses-15/eeg/sub-LTP063_ses-15_task-ltpFR_events.tsv
LTP063,15,3,3,JAW,751,592.068,296034,0,data/ds004395/sub-LTP063/ses-15/eeg/sub-LTP063_ses-15_task-ltpFR_eeg.edf,data/ds004395/sub-LTP063/ses-15/eeg/sub-LTP063_ses-15_task-ltpFR_events.tsv
LTP063,15,3,4,MOUTH,926,595.89,297945,0,data/ds004395/sub-LTP063/ses-15/eeg/sub-LTP063_ses-15_task-ltpFR_eeg.edf,data/ds004395/sub-LTP063/ses-15/eeg/sub-LTP063_ses-15_task-ltpFR_events.tsv
LTP063,15,3,5,SCROLL,1257,599.756,299878,0,data/ds004395/sub-LTP063/ses-15/eeg/sub-LTP063_ses-15_task-ltpFR_eeg.edf,data/ds004395/sub-LTP063/ses-15/eeg/sub-LTP063_ses-15_task-ltpFR_events.tsv
LTP063,15,3,6,JEEP,753,603.94,301970,1,data/ds004395/sub-LTP063/ses-15/eeg/sub-LTP063_ses-15_task-ltpFR_eeg.edf,data/ds004395/sub-LTP063/ses-15/eeg/sub-LTP063_ses-15_task-ltpFR_events.tsv
LTP063,15,3,7,VEAL,1551,608.112,304056,1,data/ds004395/sub-LTP063/ses-15/eeg/sub-LTP063_ses-15_task-ltpFR_eeg.edf,data/ds004395/sub-LTP063/ses-15/eeg/sub-LTP063_ses-15_task-ltpFR_events.tsv
LTP063,15,3,8,BULL,193,612.062,306031,0,data/ds004395/sub-LTP063/ses-15/eeg/sub-LTP063_ses-15_task-ltpFR_eeg.edf,data/ds004395/sub-LTP063/ses-15/eeg/sub-LTP063_ses-15_task-ltpFR_events.tsv
LTP063,15,3,9,TYPEWRITER,1531,616.194,308097,0,data/ds004395/sub-LTP063/ses-15/eeg/sub-LTP063_ses-15_task-ltpFR_eeg.edf,data/ds004395/sub-LTP063/ses-15/eeg/sub-LTP063_ses-15_task-ltpFR_events.tsv
LTP063,15,3,10,CHOCOLATE,306,620.058,310029,0,data/ds004395/sub-LTP063/ses-15/eeg/sub-LTP063_ses-15_task-ltpFR_eeg.edf,data/ds004395/sub-LTP063/ses-15/eeg/sub-LTP063_ses-15_task-ltpFR_events.tsv
LTP063,15,3,11,NEPTUNE,943,624.242,312121,0,data/ds004395/sub-LTP063/ses-15/eeg/sub-LTP063_ses-15_task-ltpFR_eeg.edf,data/ds004395/sub-LTP063/ses-15/eeg/sub-LTP063_ses-15_task-ltpFR_events.tsv
LTP063,15,3,12,SURVEY,1414,628.34,314170,0,data/ds004395/sub-LTP063/ses-15/eeg/sub-LTP063_ses-15_task-ltpFR_eeg.edf,data/ds004395/sub-LTP063/ses-15/eeg/sub-LTP063_ses-15_task-ltpFR_events.tsv
LTP063,15,3,13,CUSTARD,429,632.296,316148,0,data/ds004395/sub-LTP063/ses-15/eeg/sub-LTP063_ses-15_task-ltpFR_eeg.edf,data/ds004395/sub-LTP063/ses-15/eeg/sub-LTP063_ses-15_task-ltpFR_events.tsv
LTP063,15,3,14,INSTRUCTOR,741,636.196,318098,0,data/ds004395/sub-LTP063/ses-15/eeg/sub-LTP063_ses-15_task-ltpFR_eeg.edf,data/ds004395/sub-LTP063/ses-15/eeg/sub-LTP063_ses-15_task-ltpFR_events.tsv
LTP063,15,3,15,COAT,333,640.06,320030,1,data/ds004395/sub-LTP063/ses-15/eeg/sub-LTP063_ses-15_task-ltpFR_eeg.edf,data/ds004395/sub-LTP063/ses-15/eeg/sub-LTP063_ses-15_task-ltpFR_events.tsv
LTP063,15,3,16,SHIRT,1287,644.052,322026,1,data/ds004395/sub-LTP063/ses-15/eeg/sub-LTP063_ses-15_task-ltpFR_eeg.edf,data/ds004395/sub-LTP063/ses-15/eeg/sub-LTP063_ses-15_task-ltpFR_events.tsv
LTP063,15,4,1,DRINK,498,729.192,364596,0,data/ds004395/sub-LTP063/ses-15/eeg/sub-LTP063_ses-15_task-ltpFR_eeg.edf,data/ds004395/sub-LTP063/ses-15/eeg/sub-LTP063_ses-15_task-ltpFR_events.tsv
LTP063,15,4,2,CHAMPAGNE,278,733.09,366545,0,data/ds004395/sub-LTP063/ses-15/eeg/sub-LTP063_ses-15_task-ltpFR_eeg.edf,data/ds004395/sub-LTP063/ses-15/eeg/sub-LTP063_ses-15_task-ltpFR_events.tsv
LTP063,15,4,3,PERCH,1048,737.208,368604,0,data/ds004395/sub-LTP063/ses-15/eeg/sub-LTP063_ses-15_task-ltpFR_eeg.edf,data/ds004395/sub-LTP063/ses-15/eeg/sub-LTP063_ses-15_task-ltpFR_events.tsv
LTP063,15,4,4,CLAM,315,741.398,370699,0,data/ds004395/sub-LTP063/ses-15/eeg/sub-LTP063_ses-15_task-ltpFR_eeg.edf,data/ds004395/sub-LTP063/ses-15/eeg/sub-LTP063_ses-15_task-ltpFR_events.tsv
LTP063,15,4,5,BRAN,167,745.222,372611,0,data/ds004395/sub-LTP063/ses-15/eeg/sub-LTP063_ses-15_task-ltpFR_eeg.edf,data/ds004395/sub-LTP063/ses-15/eeg/sub-LTP063_ses-15_task-ltpFR_events.tsv
LTP063,15,4,6,WHEAT,1602,749.036,374518,0,data/ds004395/sub-LTP063/ses-15/eeg/sub-LTP063_ses-15_task-ltpFR_eeg.edf,data/ds004395/sub-LTP063/ses-15/eeg/sub-LTP063_ses-15_task-ltpFR_events.tsv
LTP063,15,4,7,BEAR,106,752.976,376488,1,data/ds004395/sub-LTP063/ses-15/eeg/sub-LTP063_ses-15_task-ltpFR_eeg.edf,data/ds004395/sub-LTP063/ses-15/eeg/sub-LTP063_ses-15_task-ltpFR_events.tsv
LTP063,15,4,8,CARDINAL,244,756.792,378396,1,data/ds004395/sub-LTP063/ses-15/eeg/sub-LTP063_ses-15_task-ltpFR_eeg.edf,data/ds004395/sub-LTP063/ses-15/eeg/sub-LTP063_ses-15_task-ltpFR_events.tsv
LTP063,15,4,9,SHARK,1275,760.716,380358,0,data/ds004395/sub-LTP063/ses-15/eeg/sub-LTP063_ses-15_task-ltpFR_eeg.edf,data/ds004395/sub-LTP063/ses-15/eeg/sub-LTP063_ses-15_task-ltpFR_events.tsv
LTP063,15,4,10,HAMMER,680,764.84,382420,1,data/ds004395/sub-LTP063/ses-15/eeg/sub-LTP063_ses-15_task-ltpFR_eeg.edf,data/ds004395/sub-LTP063/ses-15/eeg/sub-LTP063_ses-15_task-ltpFR_events.tsv
LTP063,15,4,11,SAPPHIRE,1234,768.938,384469,0,data/ds004395/sub-LTP063/ses-15/eeg/sub-LTP063_ses-15_task-ltpFR_eeg.edf,data/ds004395/sub-LTP063/ses-15/eeg/sub-LTP063_ses-15_task-ltpFR_events.tsv
LTP063,15,4,12,BEET,115,772.778,386389,1,data/ds004395/sub-LTP063/ses-15/eeg/sub-LTP063_ses-15_task-ltpFR_eeg.edf,data/ds004395/sub-LTP063/ses-15/eeg/sub-LTP063_ses-15_task-ltpFR_events.tsv
LTP063,15,4,13,CLOWN,330,776.87,388435,1,data/ds004395/sub-LTP063/ses-15/eeg/sub-LTP063_ses-15_task-ltpFR_eeg.edf,data/ds004395/sub-LTP063/ses-15/eeg/sub-LTP063_ses-15_task-ltpFR_events.tsv
LTP063,15,4,14,SICKLE,1302,780.852,390426,1,data/ds004395/sub-LTP063/ses-15/eeg/sub-LTP063_ses-15_task-ltpFR_eeg.edf,data/ds004395/sub-LTP063/ses-15/eeg/sub-LTP063_ses-15_task-ltpFR_events.tsv
LTP063,15,4,15,MATTRESS,879,784.668,392334,0,data/ds004395/sub-LTP063/ses-15/eeg/sub-LTP063_ses-15_task-ltpFR_eeg.edf,data/ds004395/sub-LTP063/ses-15/eeg/sub-LTP063_ses-15_task-ltpFR_events.tsv
LTP063,15,4,16,ELK,526,788.6,394300,0,data/ds004395/sub-LTP063/ses-15/eeg/sub-LTP063_ses-15_task-ltpFR_eeg.edf,data/ds004395/sub-LTP063/ses-15/eeg/sub-LTP063_ses-15_task-ltpFR_events.tsv
LTP063,15,5,1,TANK,1432,873.258,436629,1,data/ds004395/sub-LTP063/ses-15/eeg/sub-LTP063_ses-15_task-ltpFR_eeg.edf,data/ds004395/sub-LTP063/ses-15/eeg/sub-LTP063_ses-15_task-ltpFR_events.tsv
LTP063,15,5,2,GLOBE,641,877.14,438570,1,data/ds004395/sub-LTP063/ses-15/eeg/sub-LTP063_ses-15_task-ltpFR_eeg.edf,data/ds004395/sub-LTP063/ses-15/eeg/sub-LTP063_ses-15_task-ltpFR_events.tsv
LTP063,15,5,3,ROCKET,1202,881.296,440648,1,data/ds004395/sub-LTP063/ses-15/eeg/sub-LTP063_ses-15_task-ltpFR_eeg.edf,data/ds004395/sub-LTP063/ses-15/eeg/sub-LTP063_ses-15_task-ltpFR_events.tsv
LTP063,15,5,4,BRUSH,182,885.478,442739,0,data/ds004395/sub-LTP063/ses-15/eeg/sub-LTP063_ses-15_task-ltpFR_eeg.edf,data/ds004395/sub-LTP063/ses-15/eeg/sub-LTP063_ses-15_task-ltpFR_events.tsv
LTP063,15,5,5,REPTILE,1185,889.644,444822,0,data/ds004395/sub-LTP063/ses-15/eeg/sub-LTP063_ses-15_task-ltpFR_eeg.edf,data/ds004395/sub-LTP063/ses-15/eeg/sub-LTP063_ses-15_task-ltpFR_events.tsv
LTP063,15,5,6,ASTRONAUT,51,893.842,446921,1,data/ds004395/sub-LTP063/ses-15/eeg/sub-LTP063_ses-15_task-ltpFR_eeg.edf,data/ds004395/sub-LTP063/ses-15/eeg/sub-LTP063_ses-15_task-ltpFR_events.tsv
LTP063,15,5,7,COD,340,897.95,448975,0,data/ds004395/sub-LTP063/ses-15/eeg/sub-LTP063_ses-15_task-ltpFR_eeg.edf,data/ds004395/sub-LTP063/ses-15/eeg/sub-LTP063_ses-15_task-ltpFR_events.tsv
LTP063,15,5,8,RAFT,1159,901.882,450941,0,data/ds004395/sub-LTP063/ses-15/eeg/sub-LTP063_ses-15_task-ltpFR_eeg.edf,data/ds004395/sub-LTP063/ses-15/eeg/sub-LTP063_ses-15_task-ltpFR_events.tsv
LTP063,15,5,9,THRONE,1461,905.948,452974,0,data/ds004395/sub-LTP063/ses-15/eeg/sub-LTP063_ses-15_task-ltpFR_eeg.edf,data/ds004395/sub-LTP063/ses-15/eeg/sub-LTP063_ses-15_task-ltpFR_events.tsv
LTP063,15,5,10,RULER,1216,909.946,454973,1,data/ds004395/sub-LTP063/ses-15/eeg/sub-LTP063_ses-15_task-ltpFR_eeg.edf,data/ds004395/sub-LTP063/ses-15/eeg/sub-LTP063_ses-15_task-ltpFR_events.tsv
LTP063,15,5,11,SLIDE,1326,914.062,457031,1,data/ds004395/sub-LTP063/ses-15/eeg/sub-LTP063_ses-15_task-ltpFR_eeg.edf,data/ds004395/sub-LTP063/ses-15/eeg/sub-LTP063_ses-15_task-ltpFR_events.tsv
LTP063,15,5,12,SOFTBALL,1343,918.228,459114,0,data/ds004395/sub-LTP063/ses-15/eeg/sub-LTP063_ses-15_task-ltpFR_eeg.edf,data/ds004395/sub-LTP063/ses-15/eeg/sub-LTP063_ses-15_task-ltpFR_events.tsv
LTP063,15,5,13,TICKET,1464,922.342,461171,0,data/ds004395/sub-LTP063/ses-15/eeg/sub-LTP063_ses-15_task-ltpFR_eeg.edf,data/ds004395/sub-LTP063/ses-15/eeg/sub-LTP063_ses-15_task-ltpFR_events.tsv
LTP063,15,5,14,COP,376,926.476,463238,1,data/ds004395/sub-LTP063/ses-15/eeg/sub-LTP063_ses-15_task-ltpFR_eeg.edf,data/ds004395/sub-LTP063/ses-15/eeg/sub-LTP063_ses-15_task-ltpFR_events.tsv
LTP063,15,5,15,TUB,1514,930.408,465204,0,data/ds004395/sub-LTP063/ses-15/eeg/sub-LTP063_ses-15_task-ltpFR_eeg.edf,data/ds004395/sub-LTP063/ses-15/eeg/sub-LTP063_ses-15_task-ltpFR_events.tsv
LTP063,15,5,16,SPONGE,1355,934.406,467203,1,data/ds004395/sub-LTP063/ses-15/eeg/sub-LTP063_ses-15_task-ltpFR_eeg.edf,data/ds004395/sub-LTP063/ses-15/eeg/sub-LTP063_ses-15_task-ltpFR_events.tsv
LTP063,15,6,1,COWARD,394,1019.154,509577,1,data/ds004395/sub-LTP063/ses-15/eeg/sub-LTP063_ses-15_task-ltpFR_eeg.edf,data/ds004395/sub-LTP063/ses-15/eeg/sub-LTP063_ses-15_task-ltpFR_events.tsv
LTP063,15,6,2,MONK,910,1023.188,511594,1,data/ds004395/sub-LTP063/ses-15/eeg/sub-LTP063_ses-15_task-ltpFR_eeg.edf,data/ds004395/sub-LTP063/ses-15/eeg/sub-LTP063_ses-15_task-ltpFR_events.tsv
LTP063,15,6,3,SHRINE,1298,1027.336,513668,1,data/ds004395/sub-LTP063/ses-15/eeg/sub-LTP063_ses-15_task-ltpFR_eeg.edf,data/ds004395/sub-LTP063/ses-15/eeg/sub-LTP063_ses-15_task-ltpFR_events.tsv
LTP063,15,6,4,DRILL,497,1031.452,515726,1,data/ds004395/sub-LTP063/ses-15/eeg/sub-LTP063_ses-15_task-ltpFR_eeg.edf,data/ds004395/sub-LTP063/ses-15/eeg/sub-LTP063_ses-15_task-ltpFR_events.tsv
LTP063,15,6,5,LUMBER,848,1035.534,517767,1,data/ds004395/sub-LTP063/ses-15/eeg/sub-LTP063_ses-15_task-ltpFR_eeg.edf,data/ds004395/sub-LTP063/ses-15/eeg/sub-LTP063_ses-15_task-ltpFR_events.tsv
LTP063,15,6,6,JACKET,747,1039.358,519679,0,data/ds004395/sub-LTP063/ses-15/eeg/sub-LTP063_ses-15_task-ltpFR_eeg.edf,data/ds004395/sub-LTP063/ses-15/eeg/sub-LTP063_ses-15_task-ltpFR_events.tsv
LTP063,15,6,7,BIKE,125,1043.29,521645,1,data/ds004395/sub-LTP063/ses-15/eeg/sub-LTP063_ses-15_task-ltpFR_eeg.edf,data/ds004395/sub-LTP063/ses-15/eeg/sub-LTP063_ses-15_task-ltpFR_events.tsv
LTP063,15,6,8,GUITAR,670,1047.496,523748,0,data/ds004395/sub-LTP063/ses-15/eeg/sub-LTP063_ses-15_task-ltpFR_eeg.edf,data/ds004395/sub-LTP063/ses-15/eeg/sub-LTP063_ses-15_task-ltpFR_events.tsv
LTP063,15,6,9,ICING,732,1051.336,525668,0,data/ds004395/sub-LTP063/ses-15/eeg/sub-LTP063_ses-15_task-ltpFR_eeg.edf,data/ds004395/sub-LTP063/ses-15/eeg/sub-LTP063_ses-15_task-ltpFR_events.tsv
LTP063,15,6,10,PASTRY,1022,1055.478,527739,0,data/ds004395/sub-LTP063/ses-15/eeg/sub-LTP063_ses-15_task-ltpFR_eeg.edf,data/ds004395/sub-LTP063/ses-15/eeg/sub-LTP063_ses-15_task-ltpFR_events.tsv
LTP063,15,6,11,REBEL,1172,1059.376,529688,1,data/ds004395/sub-LTP063/ses-15/eeg/sub-LTP063_ses-15_task-ltpFR_eeg.edf,data/ds004395/sub-LTP063/ses-15/eeg/sub-LTP063_ses-15_task-ltpFR_events.tsv
LTP063,15,6,12,BUTLER,204,1063.484,531742,0,data/ds004395/sub-LTP063/ses-15/eeg/sub-LTP063_ses-15_task-ltpFR_eeg.edf,data/ds004395/sub-LTP063/ses-15/eeg/sub-LTP063_ses-15_task-ltpFR_events.tsv
LTP063,15,6,13,HELMET,702,1067.482,533741,1,data/ds004395/sub-LTP063/ses-15/eeg/sub-LTP063_ses-15_task-ltpFR_eeg.edf,data/ds004395/sub-LTP063/ses-15/eeg/sub-LTP063_ses-15_task-ltpFR_events.tsv
LTP063,15,6,14,ROBIN,1199,1071.58,535790,0,data/ds004395/sub-LTP063/ses-15/eeg/sub-LTP063_ses-15_task-ltpFR_eeg.edf,data/ds004395/sub-LTP063/ses-15/eeg/sub-LTP063_ses-15_task-ltpFR_events.tsv
LTP063,15,6,15,SLEEVE,1324,1075.63,537815,0,data/ds004395/sub-LTP063/ses-15/eeg/sub-LTP063_ses-15_task-ltpFR_eeg.edf,data/ds004395/sub-LTP063/ses-15/eeg/sub-LTP063_ses-15_task-ltpFR_events.tsv
LTP063,15,6,16,HEN,703,1079.796,539898,1,data/ds004395/sub-LTP063/ses-15/eeg/sub-LTP063_ses-15_task-ltpFR_eeg.edf,data/ds004395/sub-LTP063/ses-15/eeg/sub-LTP063_ses-15_task-ltpFR_events.tsv
LTP063,15,7,1,HATCHET,691,1164.428,582214,1,data/ds004395/sub-LTP063/ses-15/eeg/sub-LTP063_ses-15_task-ltpFR_eeg.edf,data/ds004395/sub-LTP063/ses-15/eeg/sub-LTP063_ses-15_task-ltpFR_events.tsv
LTP063,15,7,2,BOOTH,151,1168.526,584263,1,data/ds004395/sub-LTP063/ses-15/eeg/sub-LTP063_ses-15_task-ltpFR_eeg.edf,data/ds004395/sub-LTP063/ses-15/eeg/sub-LTP063_ses-15_task-ltpFR_events.tsv
LTP063,15,7,3,ENEMY,534,1172.376,586188,1,data/ds004395/sub-LTP063/ses-15/eeg/sub-LTP063_ses-15_task-ltpFR_eeg.edf,data/ds004395/sub-LTP063/ses-15/eeg/sub-LTP063_ses-15_task-ltpFR_events.tsv
LTP063,15,7,4,TRAITOR,1495,1176.4,588200,1,data/ds004395/sub-LTP063/ses-15/eeg/sub-LTP063_ses-15_task-ltpFR_eeg.edf,data/ds004395/sub-LTP063/ses-15/eeg/sub-LTP063_ses-15_task-ltpFR_events.tsv
LTP063,15,7,5,HAMBURGER,679,1180.406,590203,1,data/ds004395/sub-LTP063/ses-15/eeg/sub-LTP063_ses-15_task-ltpFR_eeg.edf,data/ds004395/sub-LTP063/ses-15/eeg/sub-LTP063_ses-15_task-ltpFR_events.tsv
LTP063,15,7,6,COLESLAW,344,1184.422,592211,1,data/ds004395/sub-LTP063/ses-15/eeg/sub-LTP063_ses-15_task-ltpFR_eeg.edf,data/ds004395/sub-LTP063/ses-15/eeg/sub-LTP063_ses-15_task-ltpFR_events.tsv
LTP063,15,7,7,STICKER,1382,1188.462,594231,1,data/ds004395/sub-LTP063/ses-15/eeg/sub-LTP063_ses-15_task-ltpFR_eeg.edf,data/ds004395/sub-LTP063/ses-15/eeg/sub-LTP063_ses-15_task-ltpFR_events.tsv
LTP063,15,7,8,DIAL,457,1192.544,596272,0,data/ds004395/sub-LTP063/ses-15/eeg/sub-LTP063_ses-15_task-ltpFR_eeg.edf,data/ds004395/sub-LTP063/ses-15/eeg/sub-LTP063_ses-15_task-ltpFR_events.tsv
LTP063,15,7,9,SPATULA,1348,1196.586,598293,0,data/ds004395/sub-LTP063/ses-15/eeg/sub-LTP063_ses-15_task-ltpFR_eeg.edf,data/ds004395/sub-LTP063/ses-15/eeg/sub-LTP063_ses-15_task-ltpFR_events.tsv
LTP063,15,7,10,DOG,480,1200.5,600250,1,data/ds004395/sub-LTP063/ses-15/eeg/sub-LTP063_ses-15_task-ltpFR_eeg.edf,data/ds004395/sub-LTP063/ses-15/eeg/sub-LTP063_ses-15_task-ltpFR_events.tsv
LTP063,15,7,11,KANGAROO,768,1204.59,602295,0,data/ds004395/sub-LTP063/ses-15/eeg/sub-LTP063_ses-15_task-ltpFR_eeg.edf,data/ds004395/sub-LTP063/ses-15/eeg/sub-LTP063_ses-15_task-ltpFR_events.tsv
LTP063,15,7,12,SUBURB,1399,1208.472,604236,1,data/ds004395/sub-LTP063/ses-15/eeg/sub-LTP063_ses-15_task-ltpFR_eeg.edf,data/ds004395/sub-LTP063/ses-15/eeg/sub-LTP063_ses-15_task-ltpFR_events.tsv
LTP063,15,7,13,THIEF,1456,1212.588,606294,1,data/ds004395/sub-LTP063/ses-15/eeg/sub-LTP063_ses-15_task-ltpFR_eeg.edf,data/ds004395/sub-LTP063/ses-15/eeg/sub-LTP063_ses-15_task-ltpFR_events.tsv
LTP063,15,7,14,SPOOL,1356,1216.43,608215,1,data/ds004395/sub-LTP063/ses-15/eeg/sub-LTP063_ses-15_task-ltpFR_eeg.edf,data/ds004395/sub-LTP063/ses-15/eeg/sub-LTP063_ses-15_task-ltpFR_events.tsv
LTP063,15,7,15,THREAD,1460,1220.57,610285,1,data/ds004395/sub-LTP063/ses-15/eeg/sub-LTP063_ses-15_task-ltpFR_eeg.edf,data/ds004395/sub-LTP063/ses-15/eeg/sub-LTP063_ses-15_task-ltpFR_events.tsv
LTP063,15,7,16,MOUSE,925,1224.576,612288,0,data/ds004395/sub-LTP063/ses-15/eeg/sub-LTP063_ses-15_task-ltpFR_eeg.edf,data/ds004395/sub-LTP063/ses-15/eeg/sub-LTP063_ses-15_task-ltpFR_events.tsv
LTP063,15,8,1,PALM,1007,1309.7,654850,0,data/ds004395/sub-LTP063/ses-15/eeg/sub-LTP063_ses-15_task-ltpFR_eeg.edf,data/ds004395/sub-LTP063/ses-15/eeg/sub-LTP063_ses-15_task-ltpFR_events.tsv
LTP063,15,8,2,MOSS,918,1313.608,656804,0,data/ds004395/sub-LTP063/ses-15/eeg/sub-LTP063_ses-15_task-ltpFR_eeg.edf,data/ds004395/sub-LTP063/ses-15/eeg/sub-LTP063_ses-15_task-ltpFR_events.tsv
LTP063,15,8,3,THIMBLE,1458,1317.432,658716,0,data/ds004395/sub-LTP063/ses-15/eeg/sub-LTP063_ses-15_task-ltpFR_eeg.edf,data/ds004395/sub-LTP063/ses-15/eeg/sub-LTP063_ses-15_task-ltpFR_events.tsv
LTP063,15,8,4,BATHTUB,100,1321.43,660715,0,data/ds004395/sub-LTP063/ses-15/eeg/sub-LTP063_ses-15_task-ltpFR_eeg.edf,data/ds004395/sub-LTP063/ses-15/eeg/sub-LTP063_ses-15_task-ltpFR_events.tsv
LTP063,15,8,5,COUNTRY,388,1325.504,662752,0,data/ds004395/sub-LTP063/ses-15/eeg/sub-LTP063_ses-15_task-ltpFR_eeg.edf,data/ds004395/sub-LTP063/ses-15/eeg/sub-LTP063_ses-15_task-ltpFR_events.tsv
LTP063,15,8,6,HAND,683,1329.612,664806,0,data/ds004395/sub-LTP063/ses-15/eeg/sub-LTP063_ses-15_task-ltpFR_eeg.edf,data/ds004395/sub-LTP063/ses-15/eeg/sub-LTP063_ses-15_task-ltpFR_events.tsv
LTP063,15,8,7,CARPENTER,246,1333.544,666772,0,data/ds004395/sub-LTP063/ses-15/eeg/sub-LTP063_ses-15_task-ltpFR_eeg.edf,data/ds004395/sub-LTP063/ses-15/eeg/sub-LTP063_ses-15_task-ltpFR_events.tsv
LTP063,15,8,8,VEGETABLE,1552,1337.734,668867,1,data/ds004395/sub-LTP063/ses-15/eeg/sub-LTP063_ses-15_task-ltpFR_eeg.edf,data/ds004395/sub-LTP063/ses-15/eeg/sub-LTP063_ses-15_task-ltpFR_events.tsv
LTP063,15,8,9,SPINACH,1352,1341.632,670816,1,data/ds004395/sub-LTP063/ses-15/eeg/sub-LTP063_ses-15_task-ltpFR_eeg.edf,data/ds004395/sub-LTP063/ses-15/eeg/sub-LTP063_ses-15_task-ltpFR_events.tsv
LTP063,15,8,10,KID,775,1345.498,672749,1,data/ds004395/sub-LTP063/ses-15/eeg/sub-LTP063_ses-15_task-ltpFR_eeg.edf,data/ds004395/sub-LTP063/ses-15/eeg/sub-LTP063_ses-15_task-ltpFR_events.tsv
LTP063,15,8,11,CELERY,266,1349.498,674749,1,data/ds004395/sub-LTP063/ses-15/eeg/sub-LTP063_ses-15_task-ltpFR_eeg.edf,data/ds004395/sub-LTP063/ses-15/eeg/sub-LTP063_ses-15_task-ltpFR_events.tsv
LTP063,15,8,12,CANAL,226,1353.57,676785,1,data/ds004395/sub-LTP063/ses-15/eeg/sub-LTP063_ses-15_task-ltpFR_eeg.edf,data/ds004395/sub-LTP063/ses-15/eeg/sub-LTP063_ses-15_task-ltpFR_events.tsv
LTP063,15,8,13,JAPAN,749,1357.736,678868,1,data/ds004395/sub-LTP063/ses-15/eeg/sub-LTP063_ses-15_task-ltpFR_eeg.edf,data/ds004395/sub-LTP063/ses-15/eeg/sub-LTP063_ses-15_task-ltpFR_events.tsv
LTP063,15,8,14,OCEAN,970,1361.794,680897,1,data/ds004395/sub-LTP063/ses-15/eeg/sub-LTP063_ses-15_task-ltpFR_eeg.edf,data/ds004395/sub-LTP063/ses-15/eeg/sub-LTP063_ses-15_task-ltpFR_events.tsv
LTP063,15,8,15,HUMAN,726,1365.926,682963,1,data/ds004395/sub-LTP063/ses-15/eeg/sub-LTP063_ses-15_task-ltpFR_eeg.edf,data/ds004395/sub-LTP063/ses-15/eeg/sub-LTP063_ses-15_task-ltpFR_events.tsv
LTP063,15,8,16,COMMITTEE,355,1369.832,684916,1,data/ds004395/sub-LTP063/ses-15/eeg/sub-LTP063_ses-15_task-ltpFR_eeg.edf,data/ds004395/sub-LTP063/ses-15/eeg/sub-LTP063_ses-15_task-ltpFR_events.tsv
LTP063,15,9,1,SCRIBBLE,1256,1454.398,727199,1,data/ds004395/sub-LTP063/ses-15/eeg/sub-LTP063_ses-15_task-ltpFR_eeg.edf,data/ds004395/sub-LTP063/ses-15/eeg/sub-LTP063_ses-15_task-ltpFR_events.tsv
LTP063,15,9,2,MONUMENT,913,1458.248,729124,1,data/ds004395/sub-LTP063/ses-15/eeg/sub-LTP063_ses-15_task-ltpFR_eeg.edf,data/ds004395/sub-LTP063/ses-15/eeg/sub-LTP063_ses-15_task-ltpFR_events.tsv
LTP063,15,9,3,PEAR,1033,1462.396,731198,0,data/ds004395/sub-LTP063/ses-15/eeg/sub-LTP063_ses-15_task-ltpFR_eeg.edf,data/ds004395/sub-LTP063/ses-15/eeg/sub-LTP063_ses-15_task-ltpFR_events.tsv
LTP063,15,9,4,COOK,372,1466.37,733185,0,data/ds004395/sub-LTP063/ses-15/eeg/sub-LTP063_ses-15_task-ltpFR_eeg.edf,data/ds004395/sub-LTP063/ses-15/eeg/sub-LTP063_ses-15_task-ltpFR_events.tsv
LTP063,15,9,5,RANCH,1166,1470.302,735151,1,data/ds004395/sub-LTP063/ses-15/eeg/sub-LTP063_ses-15_task-ltpFR_eeg.edf,data/ds004395/sub-LTP063/ses-15/eeg/sub-LTP063_ses-15_task-ltpFR_events.tsv
LTP063,15,9,6,CHERRY,293,1474.434,737217,1,data/ds004395/sub-LTP063/ses-15/eeg/sub-LTP063_ses-15_task-ltpFR_eeg.edf,data/ds004395/sub-LTP063/ses-15/eeg/sub-LTP063_ses-15_task-ltpFR_events.tsv
LTP063,15,9,7,LITERATURE,831,1478.484,739242,0,data/ds004395/sub-LTP063/ses-15/eeg/sub-LTP063_ses-15_task-ltpFR_eeg.edf,data/ds004395/sub-LTP063/ses-15/eeg/sub-LTP063_ses-15_task-ltpFR_events.tsv
LTP063,15,9,8,WIDOW,1608,1482.382,741191,1,data/ds004395/sub-LTP063/ses-15/eeg/sub-LTP063_ses-15_task-ltpFR_eeg.edf,data/ds004395/sub-LTP063/ses-15/eeg/sub-LTP063_ses-15_task-ltpFR_events.tsv
LTP063,15,9,9,CHARCOAL,281,1486.356,743178,0,data/ds004395/sub-LTP063/ses-15/eeg/sub-LTP063_ses-15_task-ltpFR_eeg.edf,data/ds004395/sub-LTP063/ses-15/eeg/sub-LTP063_ses-15_task-ltpFR_events.tsv
LTP063,15,9,10,BAKER,71,1490.396,745198,1,data/ds004395/sub-LTP063/ses-15/eeg/sub-LTP063_ses-15_task-ltpFR_eeg.edf,data/ds004395/sub-LTP063/ses-15/eeg/sub-LTP063_ses-15_task-ltpFR_events.tsv
LTP063,15,9,11,BLUEJAY,141,1494.528,747264,1,data/ds004395/sub-LTP063/ses-15/eeg/sub-LTP063_ses-15_task-ltpFR_eeg.edf,data/ds004395/sub-LTP063/ses-15/eeg/sub-LTP063_ses-15_task-ltpFR_events.tsv
LTP063,15,9,12,BIRD,129,1498.552,749276,1,data/ds004395/sub-LTP063/ses-15/eeg/sub-LTP063_ses-15_task-ltpFR_eeg.edf,data/ds004395/sub-LTP063/ses-15/eeg/sub-LTP063_ses-15_task-ltpFR_events.tsv
LTP063,15,9,13,TAIL,1430,1502.668,751334,0,data/ds004395/sub-LTP063/ses-15/eeg/sub-LTP063_ses-15_task-ltpFR_eeg.edf,data/ds004395/sub-LTP063/ses-15/eeg/sub-LTP063_ses-15_task-ltpFR_events.tsv
LTP063,15,9,14,SIGNATURE,1306,1506.724,753362,1,data/ds004395/sub-LTP063/ses-15/eeg/sub-LTP063_ses-15_task-ltpFR_eeg.edf,data/ds004395/sub-LTP063/ses-15/eeg/sub-LTP063_ses-15_task-ltpFR_events.tsv
LTP063,15,9,15,CRICKET,408,1510.706,755353,1,data/ds004395/sub-LTP063/ses-15/eeg/sub-LTP063_ses-15_task-ltpFR_eeg.edf,data/ds004395/sub-LTP063/ses-15/eeg/sub-LTP063_ses-15_task-ltpFR_events.tsv
LTP063,15,9,16,FLY,586,1514.606,757303,1,data/ds004395/sub-LTP063/ses-15/eeg/sub-LTP063_ses-15_task-ltpFR_eeg.edf,data/ds004395/sub-LTP063/ses-15/eeg/sub-LTP063_ses-15_task-ltpFR_events.tsv
LTP063,15,10,1,DISC,473,1598.696,799348,0,data/ds004395/sub-LTP063/ses-15/eeg/sub-LTP063_ses-15_task-ltpFR_eeg.edf,data/ds004395/sub-LTP063/ses-15/eeg/sub-LTP063_ses-15_task-ltpFR_events.tsv
LTP063,15,10,2,DRUM,502,1602.62,801310,0,data/ds004395/sub-LTP063/ses-15/eeg/sub-LTP063_ses-15_task-ltpFR_eeg.edf,data/ds004395/sub-LTP063/ses-15/eeg/sub-LTP063_ses-15_task-ltpFR_events.tsv
LTP063,15,10,3,RODENT,1204,1606.778,803389,0,data/ds004395/sub-LTP063/ses-15/eeg/sub-LTP063_ses-15_task-ltpFR_eeg.edf,data/ds004395/sub-LTP063/ses-15/eeg/sub-LTP063_ses-15_task-ltpFR_events.tsv
LTP063,15,10,4,BLOCKADE,137,1610.794,805397,0,data/ds004395/sub-LTP063/ses-15/eeg/sub-LTP063_ses-15_task-ltpFR_eeg.edf,data/ds004395/sub-LTP063/ses-15/eeg/sub-LTP063_ses-15_task-ltpFR_events.tsv
LTP063,15,10,5,CIGAR,308,1614.784,807392,0,data/ds004395/sub-LTP063/ses-15/eeg/sub-LTP063_ses-15_task-ltpFR_eeg.edf,data/ds004395/sub-LTP063/ses-15/eeg/sub-LTP063_ses-15_task-ltpFR_events.tsv
LTP063,15,10,6,ASHTRAY,45,1618.958,809479,0,data/ds004395/sub-LTP063/ses-15/eeg/sub-LTP063_ses-15_task-ltpFR_eeg.edf,data/ds004395/sub-LTP063/ses-15/eeg/sub-LTP063_ses-15_task-ltpFR_events.tsv
LTP063,15,10,7,IRON,744,1622.94,811470,0,data/ds004395/sub-LTP063/ses-15/eeg/sub-LTP063_ses-15_task-ltpFR_eeg.edf,data/ds004395/sub-LTP063/ses-15/eeg/sub-LTP063_ses-15_task-ltpFR_events.tsv
LTP063,15,10,8,SHACK,1273,1627.056,813528,0,data/ds004395/sub-LTP063/ses-15/eeg/sub-LTP063_ses-15_task-ltpFR_eeg.edf,data/ds004395/sub-LTP063/ses-15/eeg/sub-LTP063_ses-15_task-ltpFR_events.tsv
LTP063,15,10,9,PIKE,1067,1631.146,815573,0,data/ds004395/sub-LTP063/ses-15/eeg/sub-LTP063_ses-15_task-ltpFR_eeg.edf,data/ds004395/sub-LTP063/ses-15/eeg/sub-LTP063_ses-15_task-ltpFR_events.tsv
LTP063,15,10,10,BEETLE,116,1635.286,817643,1,data/ds004395/sub-LTP063/ses-15/eeg/sub-LTP063_ses-15_task-ltpFR_eeg.edf,data/ds004395/sub-LTP063/ses-15/eeg/sub-LTP063_ses-15_task-ltpFR_events.tsv
LTP063,15,10,11,GOLD,647,1639.46,819730,0,data/ds004395/sub-LTP063/ses-15/eeg/sub-LTP063_ses-15_task-ltpFR_eeg.edf,data/ds004395/sub-LTP063/ses-15/eeg/sub-LTP063_ses-15_task-ltpFR_events.tsv
LTP063,15,10,12,SALMON,1227,1643.35,821675,0,data/ds004395/sub-LTP063/ses-15/eeg/sub-LTP063_ses-15_task-ltpFR_eeg.edf,data/ds004395/sub-LTP063/ses-15/eeg/sub-LTP063_ses-15_task-ltpFR_events.tsv
LTP063,15,10,13,TRENCH,1503,1647.482,823741,0,data/ds004395/sub-LTP063/ses-15/eeg/sub-LTP063_ses-15_task-ltpFR_eeg.edf,data/ds004395/sub-LTP063/ses-15/eeg/sub-LTP063_ses-15_task-ltpFR_events.tsv
LTP063,15,10,14,SWEATER,1419,1651.54,825770,0,data/ds004395/sub-LTP063/ses-15/eeg/sub-LTP063_ses-15_task-ltpFR_eeg.edf,data/ds004395/sub-LTP063/ses-15/eeg/sub-LTP063_ses-15_task-ltpFR_events.tsv
LTP063,15,10,15,SOFA,1342,1655.672,827836,1,data/ds004395/sub-LTP063/ses-15/eeg/sub-LTP063_ses-15_task-ltpFR_eeg.edf,data/ds004395/sub-LTP063/ses-15/eeg/sub-LTP063_ses-15_task-ltpFR_events.tsv
LTP063,15,10,16,ERASER,538,1659.504,829752,1,data/ds004395/sub-LTP063/ses-15/eeg/sub-LTP063_ses-15_task-ltpFR_eeg.edf,data/ds004395/sub-LTP063/ses-15/eeg/sub-LTP063_ses-15_task-ltpFR_events.tsv
LTP063,15,11,1,CHAIRPERSON,275,1743.904,871952,0,data/ds004395/sub-LTP063/ses-15/eeg/sub-LTP063_ses-15_task-ltpFR_eeg.edf,data/ds004395/sub-LTP063/ses-15/eeg/sub-LTP063_ses-15_task-ltpFR_events.tsv
LTP063,15,11,2,SCARF,1246,1747.944,873972,1,data/ds004395/sub-LTP063/ses-15/eeg/sub-LTP063_ses-15_task-ltpFR_eeg.edf,data/ds004395/sub-LTP063/ses-15/eeg/sub-LTP063_ses-15_task-ltpFR_events.tsv
LTP063,15,11,3,TOOTHBRUSH,1482,1751.942,875971,0,data/ds004395/sub-LTP063/ses-15/eeg/sub-LTP063_ses-15_task-ltpFR_eeg.edf,data/ds004395/sub-LTP063/ses-15/eeg/sub-LTP063_ses-15_task-ltpFR_events.tsv
LTP063,15,11,4,TABLET,1427,1756.098,878049,1,data/ds004395/sub-LTP063/ses-15/eeg/sub-LTP063_ses-15_task-ltpFR_eeg.edf,data/ds004395/sub-LTP063/ses-15/eeg/sub-LTP063_ses-15_task-ltpFR_events.tsv
LTP063,15,11,5,TYPIST,1532,1760.09,880045,1,data/ds004395/sub-LTP063/ses-15/eeg/sub-LTP063_ses-15_task-ltpFR_eeg.edf,data/ds004395/sub-LTP063/ses-15/eeg/sub-LTP063_ses-15_task-ltpFR_events.tsv
LTP063,15,11,6,BILL,126,1764.28,882140,0,data/ds004395/sub-LTP063/ses-15/eeg/sub-LTP063_ses-15_task-ltpFR_eeg.edf,data/ds004395/sub-LTP063/ses-15/eeg/sub-LTP063_ses-15_task-ltpFR_events.tsv
LTP063,15,11,7,QUARTER,1148,1768.246,884123,0,data/ds004395/sub-LTP063/ses-15/eeg/sub-LTP063_ses-15_task-ltpFR_eeg.edf,data/ds004395/sub-LTP063/ses-15/eeg/sub-LTP063_ses-15_task-ltpFR_events.tsv
LTP063,15,11,8,WIRE,1616,1772.202,886101,0,data/ds004395/sub-LTP063/ses-15/eeg/sub-LTP063_ses-15_task-ltpFR_eeg.edf,data/ds004395/sub-LTP063/ses-15/eeg/sub-LTP063_ses-15_task-ltpFR_events.tsv
LTP063,15,11,9,TURKEY,1520,1776.176,888088,0,data/ds004395/sub-LTP063/ses-15/eeg/sub-LTP063_ses-15_task-ltpFR_eeg.edf,data/ds004395/sub-LTP063/ses-15/eeg/sub-LTP063_ses-15_task-ltpFR_events.tsv
LTP063,15,11,10,SCENERY,1247,1780.368,890184,0,data/ds004395/sub-LTP063/ses-15/eeg/sub-LTP063_ses-15_task-ltpFR_eeg.edf,data/ds004395/sub-LTP063/ses-15/eeg/sub-LTP063_ses-15_task-ltpFR_events.tsv
LTP063,15,11,11,SUBMARINE,1398,1784.44,892220,0,data/ds004395/sub-LTP063/ses-15/eeg/sub-LTP063_ses-15_task-ltpFR_eeg.edf,data/ds004395/sub-LTP063/ses-15/eeg/sub-LTP063_ses-15_task-ltpFR_events.tsv
LTP063,15,11,12,JUG,762,1788.456,894228,0,data/ds004395/sub-LTP063/ses-15/eeg/sub-LTP063_ses-15_task-ltpFR_eeg.edf,data/ds004395/sub-LTP063/ses-15/eeg/sub-LTP063_ses-15_task-ltpFR_events.tsv
LTP063,15,11,13,OLIVE,975,1792.364,896182,0,data/ds004395/sub-LTP063/ses-15/eeg/sub-LTP063_ses-15_task-ltpFR_eeg.edf,data/ds004395/sub-LTP063/ses-15/eeg/sub-LTP063_ses-15_task-ltpFR_events.tsv
LTP063,15,11,14,CLERK,321,1796.312,898156,1,data/ds004395/sub-LTP063/ses-15/eeg/sub-LTP063_ses-15_task-ltpFR_eeg.edf,data/ds004395/sub-LTP063/ses-15/eeg/sub-LTP063_ses-15_task-ltpFR_events.tsv
LTP063,15,11,15,SKYSCRAPER,1322,1800.37,900185,1,data/ds004395/sub-LTP063/ses-15/eeg/sub-LTP063_ses-15_task-ltpFR_eeg.edf,data/ds004395/sub-LTP063/ses-15/eeg/sub-LTP063_ses-15_task-ltpFR_events.tsv
LTP063,15,11,16,CHICK,296,1804.434,902217,1,data/ds004395/sub-LTP063/ses-15/eeg/sub-LTP063_ses-15_task-ltpFR_eeg.edf,data/ds004395/sub-LTP063/ses-15/eeg/sub-LTP063_ses-15_task-ltpFR_events.tsv
LTP063,15,12,1,RADIATOR,1156,1888.6,944300,0,data/ds004395/sub-LTP063/ses-15/eeg/sub-LTP063_ses-15_task-ltpFR_eeg.edf,data/ds004395/sub-LTP063/ses-15/eeg/sub-LTP063_ses-15_task-ltpFR_events.tsv
LTP063,15,12,2,ACTRESS,6,1892.45,946225,0,data/ds004395/sub-LTP063/ses-15/eeg/sub-LTP063_ses-15_task-ltpFR_eeg.edf,data/ds004395/sub-LTP063/ses-15/eeg/sub-LTP063_ses-15_task-ltpFR_events.tsv
LTP063,15,12,3,FILM,565,1896.632,948316,0,data/ds004395/sub-LTP063/ses-15/eeg/sub-LTP063_ses-15_task-ltpFR_eeg.edf,data/ds004395/sub-LTP063/ses-15/eeg/sub-LTP063_ses-15_task-ltpFR_events.tsv
LTP063,15,12,4,SEAL,1262,1900.464,950232,0,data/ds004395/sub-LTP063/ses-15/eeg/sub-LTP063_ses-15_task-ltpFR_eeg.edf,data/ds004395/sub-LTP063/ses-15/eeg/sub-LTP063_ses-15_task-ltpFR_events.tsv
LTP063,15,12,5,PAIL,1002,1904.562,952281,0,data/ds004395/sub-LTP063/ses-15/eeg/sub-LTP063_ses-15_task-ltpFR_eeg.edf,data/ds004395/sub-LTP063/ses-15/eeg/sub-LTP063_ses-15_task-ltpFR_events.tsv
LTP063,15,12,6,DOUGHNUT,490,1908.378,954189,0,data/ds004395/sub-LTP063/ses-15/eeg/sub-LTP063_ses-15_task-ltpFR_eeg.edf,data/ds004395/sub-LTP063/ses-15/eeg/sub-LTP063_ses-15_task-ltpFR_events.tsv
LTP063,15,12,7,DESSERT,453,1912.41,956205,0,data/ds004395/sub-LTP063/ses-15/eeg/sub-LTP063_ses-15_task-ltpFR_eeg.edf,data/ds004395/sub-LTP063/ses-15/eeg/sub-LTP063_ses-15_task-ltpFR_events.tsv
LTP063,15,12,8,ACID,2,1916.284,958142,0,data/ds004395/sub-LTP063/ses-15/eeg/sub-LTP063_ses-15_task-ltpFR_eeg.edf,data/ds004395/sub-LTP063/ses-15/eeg/sub-LTP063_ses-15_task-ltpFR_events.tsv
LTP063,15,12,9,INTESTINE,742,1920.442,960221,1,data/ds004395/sub-LTP063/ses-15/eeg/sub-LTP063_ses-15_task-ltpFR_eeg.edf,data/ds004395/sub-LTP063/ses-15/eeg/sub-LTP063_ses-15_task-ltpFR_events.tsv
LTP063,15,12,10,WAVE,1596,1925.948,962974,1,data/ds004395/sub-LTP063/ses-15/eeg/sub-LTP063_ses-15_task-ltpFR_eeg.edf,data/ds004395/sub-LTP063/ses-15/eeg/sub-LTP063_ses-15_task-ltpFR_events.tsv
LTP063,15,12,11,SPIDER,1351,1929.946,964973,1,data/ds004395/sub-LTP063/ses-15/eeg/sub-LTP063_ses-15_task-ltpFR_eeg.edf,data/ds004395/sub-LTP063/ses-15/eeg/sub-LTP063_ses-15_task-ltpFR_events.tsv
LTP063,15,12,12,BUG,187,1933.762,966881,1,data/ds004395/sub-LTP063/ses-15/eeg/sub-LTP063_ses-15_task-ltpFR_eeg.edf,data/ds004395/sub-LTP063/ses-15/eeg/sub-LTP063_ses-15_task-ltpFR_events.tsv
LTP063,15,12,13,BRUISE,180,1937.752,968876,0,data/ds004395/sub-LTP063/ses-15/eeg/sub-LTP063_ses-15_task-ltpFR_eeg.edf,data/ds004395/sub-LTP063/ses-15/eeg/sub-LTP063_ses-15_task-ltpFR_events.tsv
LTP063,15,12,14,AUTOMOBILE,62,1941.902,970951,1,data/ds004395/sub-LTP063/ses-15/eeg/sub-LTP063_ses-15_task-ltpFR_eeg.edf,data/ds004395/sub-LTP063/ses-15/eeg/sub-LTP063_ses-15_task-ltpFR_events.tsv
LTP063,15,12,15,PARCEL,1012,1945.924,972962,1,data/ds004395/sub-LTP063/ses-15/eeg/sub-LTP063_ses-15_task-ltpFR_eeg.edf,data/ds004395/sub-LTP063/ses-15/eeg/sub-LTP063_ses-15_task-ltpFR_events.tsv
LTP063,15,12,16,BUS,201,1949.866,974933,1,data/ds004395/sub-LTP063/ses-15/eeg/sub-LTP063_ses-15_task-ltpFR_eeg.edf,data/ds004395/sub-LTP063/ses-15/eeg/sub-LTP063_ses-15_task-ltpFR_events.tsv
LTP063,15,13,1,TROMBONE,1508,2294.936,1147468,1,data/ds004395/sub-LTP063/ses-15/eeg/sub-LTP063_ses-15_task-ltpFR_eeg.edf,data/ds004395/sub-LTP063/ses-15/eeg/sub-LTP063_ses-15_task-ltpFR_events.tsv
LTP063,15,13,2,ALBUM,14,2298.968,1149484,0,data/ds004395/sub-LTP063/ses-15/eeg/sub-LTP063_ses-15_task-ltpFR_eeg.edf,data/ds004395/sub-LTP063/ses-15/eeg/sub-LTP063_ses-15_task-ltpFR_events.tsv
LTP063,15,13,3,PRUNE,1134,2302.81,1151405,0,data/ds004395/sub-LTP063/ses-15/eeg/sub-LTP063_ses-15_task-ltpFR_eeg.edf,data/ds004395/sub-LTP063/ses-15/eeg/sub-LTP063_ses-15_task-ltpFR_events.tsv
LTP063,15,13,4,GLASS,639,2306.932,1153466,0,data/ds004395/sub-LTP063/ses-15/eeg/sub-LTP063_ses-15_task-ltpFR_eeg.edf,data/ds004395/sub-LTP063/ses-15/eeg/sub-LTP063_ses-15_task-ltpFR_events.tsv
LTP063,15,13,5,HOSTAGE,722,2310.89,1155445,0,data/ds004395/sub-LTP063/ses-15/eeg/sub-LTP063_ses-15_task-ltpFR_eeg.edf,data/ds004395/sub-LTP063/ses-15/eeg/sub-LTP063_ses-15_task-ltpFR_events.tsv
LTP063,15,13,6,PISTON,1076,2314.83,1157415,0,data/ds004395/sub-LTP063/ses-15/eeg/sub-LTP063_ses-15_task-ltpFR_eeg.edf,data/ds004395/sub-LTP063/ses-15/eeg/sub-LTP063_ses-15_task-ltpFR_events.tsv
LTP063,15,13,7,COFFEE,341,2318.972,1159486,0,data/ds004395/sub-LTP063/ses-15/eeg/sub-LTP063_ses-15_task-ltpFR_eeg.edf,data/ds004395/sub-LTP063/ses-15/eeg/sub-LTP063_ses-15_task-ltpFR_events.tsv
LTP063,15,13,8,MUG,930,2322.804,1161402,0,data/ds004395/sub-LTP063/ses-15/eeg/sub-LTP063_ses-15_task-ltpFR_eeg.edf,data/ds004395/sub-LTP063/ses-15/eeg/sub-LTP063_ses-15_task-ltpFR_events.tsv
LTP063,15,13,9,MONASTERY,907,2326.768,1163384,0,data/ds004395/sub-LTP063/ses-15/eeg/sub-LTP063_ses-15_task-ltpFR_eeg.edf,data/ds004395/sub-LTP063/ses-15/eeg/sub-LTP063_ses-15_task-ltpFR_events.tsv
LTP063,15,13,10,MONGOOSE,909,2330.934,1165467,0,data/ds004395/sub-LTP063/ses-15/eeg/sub-LTP063_ses-15_task-ltpFR_eeg.edf,data/ds004395/sub-LTP063/ses-15/eeg/sub-LTP063_ses-15_task-ltpFR_events.tsv
LTP063,15,13,11,BASKET,95,2334.966,1167483,0,data/ds004395/sub-LTP063/ses-15/eeg/sub-LTP063_ses-15_task-ltpFR_eeg.edf,data/ds004395/sub-LTP063/ses-15/eeg/sub-LTP063_ses-15_task-ltpFR_events.tsv
LTP063,15,13,12,GEM,629,2338.924,1169462,1,data/ds004395/sub-LTP063/ses-15/eeg/sub-LTP063_ses-15_task-ltpFR_eeg.edf,data/ds004395/sub-LTP063/ses-15/eeg/sub-LTP063_ses-15_task-ltpFR_events.tsv
LTP063,15,13,13,JEWEL,757,2342.838,1171419,1,data/ds004395/sub-LTP063/ses-15/eeg/sub-LTP063_ses-15_task-ltpFR_eeg.edf,data/ds004395/sub-LTP063/ses-15/eeg/sub-LTP063_ses-15_task-ltpFR_events.tsv
LTP063,15,13,14,CRYSTAL,418,2346.754,1173377,1,data/ds004395/sub-LTP063/ses-15/eeg/sub-LTP063_ses-15_task-ltpFR_eeg.edf,data/ds004395/sub-LTP063/ses-15/eeg/sub-LTP063_ses-15_task-ltpFR_events.tsv
LTP063,15,13,15,BUGLE,189,2350.862,1175431,1,data/ds004395/sub-LTP063/ses-15/eeg/sub-LTP063_ses-15_task-ltpFR_eeg.edf,data/ds004395/sub-LTP063/ses-15/eeg/sub-LTP063_ses-15_task-ltpFR_events.tsv
LTP063,15,13,16,TAXI,1438,2354.71,1177355,1,data/ds004395/sub-LTP063/ses-15/eeg/sub-LTP063_ses-15_task-ltpFR_eeg.edf,data/ds004395/sub-LTP063/ses-15/eeg/sub-LTP063_ses-15_task-ltpFR_events.tsv
LTP063,15,14,1,CHAPEL,280,2439.5,1219750,1,data/ds004395/sub-LTP063/ses-15/eeg/sub-LTP063_ses-15_task-ltpFR_eeg.edf,data/ds004395/sub-LTP063/ses-15/eeg/sub-LTP063_ses-15_task-ltpFR_events.tsv
LTP063,15,14,2,FATHER,554,2443.592,1221796,1,data/ds004395/sub-LTP063/ses-15/eeg/sub-LTP063_ses-15_task-ltpFR_eeg.edf,data/ds004395/sub-LTP063/ses-15/eeg/sub-LTP063_ses-15_task-ltpFR_events.tsv
LTP063,15,14,3,AMBULANCE,19,2447.608,1223804,1,data/ds004395/sub-LTP063/ses-15/eeg/sub-LTP063_ses-15_task-ltpFR_eeg.edf,data/ds004395/sub-LTP063/ses-15/eeg/sub-LTP063_ses-15_task-ltpFR_events.tsv
LTP063,15,14,4,PAW,1029,2451.464,1225732,1,data/ds004395/sub-LTP063/ses-15/eeg/sub-LTP063_ses-15_task-ltpFR_eeg.edf,data/ds004395/sub-LTP063/ses-15/eeg/sub-LTP063_ses-15_task-ltpFR_events.tsv
LTP063,15,14,5,FLEA,577,2455.454,1227727,0,data/ds004395/sub-LTP063/ses-15/eeg/sub-LTP063_ses-15_task-ltpFR_eeg.edf,data/ds004395/sub-LTP063/ses-15/eeg/sub-LTP063_ses-15_task-ltpFR_events.tsv
LTP063,15,14,6,WALRUS,1585,2459.27,1229635,1,data/ds004395/sub-LTP063/ses-15/eeg/sub-LTP063_ses-15_task-ltpFR_eeg.edf,data/ds004395/sub-LTP063/ses-15/eeg/sub-LTP063_ses-15_task-ltpFR_events.tsv
LTP063,15,14,7,FOOTBALL,591,2463.194,1231597,0,data/ds004395/sub-LTP063/ses-15/eeg/sub-LTP063_ses-15_task-ltpFR_eeg.edf,data/ds004395/sub-LTP063/ses-15/eeg/sub-LTP063_ses-15_task-ltpFR_events.tsv
LTP063,15,14,8,BARRACUDA,90,2467.26,1233630,0,data/ds004395/sub-LTP063/ses-15/eeg/sub-LTP063_ses-15_task-ltpFR_eeg.edf,data/ds004395/sub-LTP063/ses-15/eeg/sub-LTP063_ses-15_task-ltpFR_events.tsv
LTP063,15,14,9,OX,994,2471.1,1235550,0,data/ds004395/sub-LTP063/ses-15/eeg/sub-LTP063_ses-15_task-ltpFR_eeg.edf,data/ds004395/sub-LTP063/ses-15/eeg/sub-LTP063_ses-15_task-ltpFR_events.tsv
LTP063,15,14,10,TRIANGLE,1504,2475.108,1237554,1,data/ds004395/sub-LTP063/ses-15/eeg/sub-LTP063_ses-15_task-ltpFR_eeg.edf,data/ds004395/sub-LTP063/ses-15/eeg/sub-LTP063_ses-15_task-ltpFR_events.tsv
LTP063,15,14,11,GROCERY,664,2479.188,1239594,1,data/ds004395/sub-LTP063/ses-15/eeg/sub-LTP063_ses-15_task-ltpFR_eeg.edf,data/ds004395/sub-LTP063/ses-15/eeg/sub-LTP063_ses-15_task-ltpFR_events.tsv
LTP063,15,14,12,SERVER,1272,2483.022,1241511,0,data/ds004395/sub-LTP063/ses-15/eeg/sub-LTP063_ses-15_task-ltpFR_eeg.edf,data/ds004395/sub-LTP063/ses-15/eeg/sub-LTP063_ses-15_task-ltpFR_events.tsv
LTP063,15,14,13,PLAQUE,1084,2486.97,1243485,0,data/ds004395/sub-LTP063/ses-15/eeg/sub-LTP063_ses-15_task-ltpFR_eeg.edf,data/ds004395/sub-LTP063/ses-15/eeg/sub-LTP063_ses-15_task-ltpFR_events.tsv
LTP063,15,14,14,TEAM,1441,2490.944,1245472,1,data/ds004395/sub-LTP063/ses-15/eeg/sub-LTP063_ses-15_task-ltpFR_eeg.edf,data/ds004395/sub-LTP063/ses-15/eeg/sub-LTP063_ses-15_task-ltpFR_events.tsv
LTP063,15,14,15,COCOON,339,2494.784,1247392,1,data/ds004395/sub-LTP063/ses-15/eeg/sub-LTP063_ses-15_task-ltpFR_eeg.edf,data/ds004395/sub-LTP063/ses-15/eeg/sub-LTP063_ses-15_task-ltpFR_events.tsv
LTP063,15,14,16,INSECT,740,2498.95,1249475,1,data/ds004395/sub-LTP063/ses-15/eeg/sub-LTP063_ses-15_task-ltpFR_eeg.edf,data/ds004395/sub-LTP063/ses-15/eeg/sub-LTP063_ses-15_task-ltpFR_events.tsv
LTP063,15,15,1,TUXEDO,1525,2583.058,1291529,1,data/ds004395/sub-LTP063/ses-15/eeg/sub-LTP063_ses-15_task-ltpFR_eeg.edf,data/ds004395/sub-LTP063/ses-15/eeg/sub-LTP063_ses-15_task-ltpFR_events.tsv
LTP063,15,15,2,COOKIE,374,2587.182,1293591,1,data/ds004395/sub-LTP063/ses-15/eeg/sub-LTP063_ses-15_task-ltpFR_eeg.edf,data/ds004395/sub-LTP063/ses-15/eeg/sub-LTP063_ses-15_task-ltpFR_events.tsv
LTP063,15,15,3,FUDGE,611,2591.214,1295607,1,data/ds004395/sub-LTP063/ses-15/eeg/sub-LTP063_ses-15_task-ltpFR_eeg.edf,data/ds004395/sub-LTP063/ses-15/eeg/sub-LTP063_ses-15_task-ltpFR_events.tsv
LTP063,15,15,4,COPIER,377,2595.314,1297657,0,data/ds004395/sub-LTP063/ses-15/eeg/sub-LTP063_ses-15_task-ltpFR_eeg.edf,data/ds004395/sub-LTP063/ses-15/eeg/sub-LTP063_ses-15_task-ltpFR_events.tsv
LTP063,15,15,5,MONKEY,911,2599.146,1299573,1,data/ds004395/sub-LTP063/ses-15/eeg/sub-LTP063_ses-15_task-ltpFR_eeg.edf,data/ds004395/sub-LTP063/ses-15/eeg/sub-LTP063_ses-15_task-ltpFR_events.tsv
LTP063,15,15,6,UNIVERSITY,1541,2603.128,1301564,0,data/ds004395/sub-LTP063/ses-15/eeg/sub-LTP063_ses-15_task-ltpFR_eeg.edf,data/ds004395/sub-LTP063/ses-15/eeg/sub-LTP063_ses-15_task-ltpFR_events.tsv
LTP063,15,15,7,GHOST,634,2607.192,1303596,0,data/ds004395/sub-LTP063/ses-15/eeg/sub-LTP063_ses-15_task-ltpFR_eeg.edf,data/ds004395/sub-LTP063/ses-15/eeg/sub-LTP063_ses-15_task-ltpFR_events.tsv
LTP063,15,15,8,RUST,1219,2611.266,1305633,0,data/ds004395/sub-LTP063/ses-15/eeg/sub-LTP063_ses-15_task-ltpFR_eeg.edf,data/ds004395/sub-LTP063/ses-15/eeg/sub-LTP063_ses-15_task-ltpFR_events.tsv
LTP063,15,15,9,WATER,1594,2615.266,1307633,0,data/ds004395/sub-LTP063/ses-15/eeg/sub-LTP063_ses-15_task-ltpFR_eeg.edf,data/ds004395/sub-LTP063/ses-15/eeg/sub-LTP063_ses-15_task-ltpFR_events.tsv
LTP063,15,15,10,LOBSTER,837,2619.38,1309690,0,data/ds004395/sub-LTP063/ses-15/eeg/sub-LTP063_ses-15_task-ltpFR_eeg.edf,data/ds004395/sub-LTP063/ses-15/eeg/sub-LTP063_ses-15_task-ltpFR_events.tsv
LTP063,15,15,11,SNAIL,1332,2623.212,1311606,0,data/ds004395/sub-LTP063/ses-15/eeg/sub-LTP063_ses-15_task-ltpFR_eeg.edf,data/ds004395/sub-LTP063/ses-15/eeg/sub-LTP063_ses-15_task-ltpFR_events.tsv
LTP063,15,15,12,FACTORY,548,2627.286,1313643,0,data/ds004395/sub-LTP063/ses-15/eeg/sub-LTP063_ses-15_task-ltpFR_eeg.edf,data/ds004395/sub-LTP063/ses-15/eeg/sub-LTP063_ses-15_task-ltpFR_events.tsv
LTP063,15,15,13,RING,1193,2631.144,1315572,0,data/ds004395/sub-LTP063/ses-15/eeg/sub-LTP063_ses-15_task-ltpFR_eeg.edf,data/ds004395/sub-LTP063/ses-15/eeg/sub-LTP063_ses-15_task-ltpFR_events.tsv
LTP063,15,15,14,PEARL,1034,2634.992,1317496,0,data/ds004395/sub-LTP063/ses-15/eeg/sub-LTP063_ses-15_task-ltpFR_eeg.edf,data/ds004395/sub-LTP063/ses-15/eeg/sub-LTP063_ses-15_task-ltpFR_events.tsv
LTP063,15,15,15,BANANA,77,2639.082,1319541,1,data/ds004395/sub-LTP063/ses-15/eeg/sub-LTP063_ses-15_task-ltpFR_eeg.edf,data/ds004395/sub-LTP063/ses-15/eeg/sub-LTP063_ses-15_task-ltpFR_events.tsv
LTP063,15,15,16,DIPLOMA,470,2642.898,1321449,0,data/ds004395/sub-LTP063/ses-15/eeg/sub-LTP063_ses-15_task-ltpFR_eeg.edf,data/ds004395/sub-LTP063/ses-15/eeg/sub-LTP063_ses-15_task-ltpFR_events.tsv
LTP063,15,16,1,SCISSORS,1250,2727.156,1363578,0,data/ds004395/sub-LTP063/ses-15/eeg/sub-LTP063_ses-15_task-ltpFR_eeg.edf,data/ds004395/sub-LTP063/ses-15/eeg/sub-LTP063_ses-15_task-ltpFR_events.tsv
LTP063,15,16,2,SWAMP,1416,2731.156,1365578,1,data/ds004395/sub-LTP063/ses-15/eeg/sub-LTP063_ses-15_task-ltpFR_eeg.edf,data/ds004395/sub-LTP063/ses-15/eeg/sub-LTP063_ses-15_task-ltpFR_events.tsv
LTP063,15,16,3,TACK,1428,2735.17,1367585,0,data/ds004395/sub-LTP063/ses-15/eeg/sub-LTP063_ses-15_task-ltpFR_eeg.edf,data/ds004395/sub-LTP063/ses-15/eeg/sub-LTP063_ses-15_task-ltpFR_events.tsv
LTP063,15,16,4,COMEDIAN,352,2739.202,1369601,0,data/ds004395/sub-LTP063/ses-15/eeg/sub-LTP063_ses-15_task-ltpFR_eeg.edf,data/ds004395/sub-LTP063/ses-15/eeg/sub-LTP063_ses-15_task-ltpFR_events.tsv
LTP063,15,16,5,CAPITAL,238,2743.226,1371613,1,data/ds004395/sub-LTP063/ses-15/eeg/sub-LTP063_ses-15_task-ltpFR_eeg.edf,data/ds004395/sub-LTP063/ses-15/eeg/sub-LTP063_ses-15_task-ltpFR_events.tsv
LTP063,15,16,6,MEADOW,881,2747.05,1373525,1,data/ds004395/sub-LTP063/ses-15/eeg/sub-LTP063_ses-15_task-ltpFR_eeg.edf,data/ds004395/sub-LTP063/ses-15/eeg/sub-LTP063_ses-15_task-ltpFR_events.tsv
LTP063,15,16,7,POISON,1096,2751.216,1375608,0,data/ds004395/sub-LTP063/ses-15/eeg/sub-LTP063_ses-15_task-ltpFR_eeg.edf,data/ds004395/sub-LTP063/ses-15/eeg/sub-LTP063_ses-15_task-ltpFR_events.tsv
LTP063,15,16,8,DIRT,472,2755.098,1377549,1,data/ds004395/sub-LTP063/ses-15/eeg/sub-LTP063_ses-15_task-ltpFR_eeg.edf,data/ds004395/sub-LTP063/ses-15/eeg/sub-LTP063_ses-15_task-ltpFR_events.tsv
LTP063,15,16,9,MARSH,874,2759.162,1379581,1,data/ds004395/sub-LTP063/ses-15/eeg/sub-LTP063_ses-15_task-ltpFR_eeg.edf,data/ds004395/sub-LTP063/ses-15/eeg/sub-LTP063_ses-15_task-ltpFR_events.tsv
LTP063,15,16,10,TIMBER,1469,2763.104,1381552,0,data/ds004395/sub-LTP063/ses-15/eeg/sub-LTP063_ses-15_task-ltpFR_eeg.edf,data/ds004395/sub-LTP063/ses-15/eeg/sub-LTP063_ses-15_task-ltpFR_events.tsv
LTP063,15,16,11,TWIG,1527,2766.994,1383497,0,data/ds004395/sub-LTP063/ses-15/eeg/sub-LTP063_ses-15_task-ltpFR_eeg.edf,data/ds004395/sub-LTP063/ses-15/eeg/sub-LTP063_ses-15_task-ltpFR_events.tsv
LTP063,15,16,12,SUPPER,1411,2770.96,1385480,1,data/ds004395/sub-LTP063/ses-15/eeg/sub-LTP063_ses-15_task-ltpFR_eeg.edf,data/ds004395/sub-LTP063/ses-15/eeg/sub-LTP063_ses-15_task-ltpFR_events.tsv
LTP063,15,16,13,SHOWER,1296,2775.092,1387546,1,data/ds004395/sub-LTP063/ses-15/eeg/sub-LTP063_ses-15_task-ltpFR_eeg.edf,data/ds004395/sub-LTP063/ses-15/eeg/sub-LTP063_ses-15_task-ltpFR_events.tsv
LTP063,15,16,14,PUMP,1141,2778.982,1389491,1,data/ds004395/sub-LTP063/ses-15/eeg/sub-LTP063_ses-15_task-ltpFR_eeg.edf,data/ds004395/sub-LTP063/ses-15/eeg/sub-LTP063_ses-15_task-ltpFR_events.tsv
LTP063,15,16,15,SNACK,1331,2783.148,1391574,0,data/ds004395/sub-LTP063/ses-15/eeg/sub-LTP063_ses-15_task-ltpFR_eeg.edf,data/ds004395/sub-LTP063/ses-15/eeg/sub-LTP063_ses-15_task-ltpFR_events.tsv
LTP063,15,16,16,LIZARD,834,2787.338,1393669,1,data/ds004395/sub-LTP063/ses-15/eeg/sub-LTP063_ses-15_task-ltpFR_eeg.edf,data/ds004395/sub-LTP063/ses-15/eeg/sub-LTP063_ses-15_task-ltpFR_events.tsv
