subject,session,trial,serialpos,word,recalled,raw_cosine,centered_cosine,true_word_rank,true_word_percentile,top1_correct,top5_correct,top10_correct,centered_true_word_rank,centered_true_word_percentile,centered_top1_correct,centered_top5_correct,centered_top10_correct
LTP299,2,1,1,TROMBONE,1,0.870441377324914,-0.15493233061931966,148,0.7443478260869565,0,0,0,550,0.045217391304347876,0,0,0
LTP299,2,1,2,FIDDLE,1,0.90425095266583,0.19405891822324622,2,0.9982608695652174,0,1,1,21,0.9652173913043478,0,0,0
LTP299,2,1,3,PARENT,1,0.7787220681091261,-0.25805781793613203,556,0.034782608695652195,0,0,0,568,0.013913043478260834,0,0,0
LTP299,2,1,4,CEILING,1,0.8347277586272868,-0.11255667500402323,410,0.288695652173913,0,0,0,477,0.1721739130434783,0,0,0
LTP299,2,1,5,SMOG,0,0.8575285497561222,0.03378500939545193,250,0.5669565217391304,0,0,0,239,0.5860869565217391,0,0,0
LTP299,2,1,6,SCRIBBLE,0,0.826906903166989,-0.04510095570583491,441,0.23478260869565215,0,0,0,364,0.3686956521739131,0,0,0
LTP299,2,1,7,SUSPECT,1,0.8753141291854322,0.09796757159979982,125,0.7843478260869565,0,0,0,120,0.7930434782608695,0,0,0
LTP299,2,1,8,HERO,1,0.8654633002299933,0.0810564304096241,189,0.6730434782608696,0,0,0,109,0.8121739130434783,0,0,0
LTP299,2,1,9,NURSE,1,0.8695984278498398,-0.06363861272826468,157,0.728695652173913,0,0,0,423,0.2660869565217391,0,0,0
LTP299,2,1,10,GIRL,1,0.874232756948064,0.07528791769388125,136,0.7652173913043478,0,0,0,156,0.7304347826086957,0,0,0
LTP299,2,1,11,RUST,1,0.8477285814107686,-0.130355193779277,319,0.4469565217391305,0,0,0,500,0.13217391304347825,0,0,0
LTP299,2,1,12,FLIPPER,1,0.8412960887826587,0.05807289842884153,367,0.36347826086956525,0,0,0,183,0.6834782608695652,0,0,0
LTP299,2,1,13,FLEET,0,0.8359692705605053,0.008994997236158153,416,0.27826086956521734,0,0,0,291,0.4956521739130435,0,0,0
LTP299,2,1,14,GUARD,1,0.8662610980508401,-0.06979496495992114,187,0.6765217391304348,0,0,0,435,0.24521739130434783,0,0,0
LTP299,2,1,15,TAXI,0,0.8527124690992912,-0.06575893958168205,285,0.5060869565217392,0,0,0,425,0.26260869565217393,0,0,0
LTP299,2,1,16,FRECKLE,1,0.8689271670435403,0.0635045055278521,167,0.711304347826087,0,0,0,142,0.7547826086956522,0,0,0
LTP299,2,1,17,SUMMIT,1,0.8397377838989437,-0.09542158542002897,377,0.34608695652173915,0,0,0,459,0.20347826086956522,0,0,0
LTP299,2,1,18,LIGHTNING,1,0.8766610166331114,-0.04368116389384733,106,0.817391304347826,0,0,0,379,0.3426086956521739,0,0,0
LTP299,2,1,19,CLOUD,1,0.8454058874791558,-0.060317102633537636,344,0.4034782608695652,0,0,0,424,0.2643478260869565,0,0,0
LTP299,2,1,20,KLEENEX,0,0.8256842238190777,-0.22546504609540016,458,0.2052173913043478,0,0,0,571,0.008695652173912993,0,0,0
LTP299,2,1,21,RIFLE,1,0.8622890312260341,0.10468337265177226,217,0.6243478260869566,0,0,0,92,0.8417391304347825,0,0,0
LTP299,2,1,22,BABY,1,0.8219169728385811,-0.12016047958208576,473,0.1791304347826087,0,0,0,510,0.11478260869565216,0,0,0
LTP299,2,1,23,DOLPHIN,1,0.8447386063402352,-0.05236841012586335,346,0.4,0,0,0,402,0.30260869565217396,0,0,0
LTP299,2,1,24,PERFUME,1,0.8794859080125694,0.09357860040183853,101,0.8260869565217391,0,0,0,138,0.7617391304347826,0,0,0
LTP299,2,2,1,SWITCH,0,0.7889811786560869,0.14449682336018163,549,0.04695652173913045,0,0,0,53,0.9095652173913044,0,0,0
LTP299,2,2,2,FILM,1,0.8686984068876982,0.06298903876566274,188,0.6747826086956521,0,0,0,151,0.7391304347826086,0,0,0
LTP299,2,2,3,HOOK,1,0.8957010195245751,0.2144279636480207,23,0.9617391304347827,0,0,0,41,0.9304347826086956,0,0,0
LTP299,2,2,4,STAR,1,0.8348446527558813,-0.10216510260041162,432,0.25043478260869567,0,0,0,495,0.14086956521739136,0,0,0
LTP299,2,2,5,WASP,0,0.8228629313437394,-0.08445833356556412,471,0.18260869565217386,0,0,0,456,0.20869565217391306,0,0,0
LTP299,2,2,6,DANCER,0,0.8820603086817094,-0.14234675809895123,93,0.84,0,0,0,501,0.13043478260869568,0,0,0
LTP299,2,2,7,COCKTAIL,0,0.8602109921163225,-0.016911878198368573,245,0.5756521739130435,0,0,0,336,0.4173913043478261,0,0,0
LTP299,2,2,8,SURVEY,1,0.8372857692344985,0.1256916496406331,419,0.2730434782608696,0,0,0,77,0.8678260869565217,0,0,0
LTP299,2,2,9,HONEY,0,0.8488809939587847,-0.01619252619256828,335,0.4191304347826087,0,0,0,330,0.4278260869565217,0,0,0
LTP299,2,2,10,BLADE,0,0.8842570454748856,-0.030916713424857384,61,0.8956521739130435,0,0,0,359,0.3773913043478261,0,0,0
LTP299,2,2,11,GREASE,0,0.8611287010979858,-0.02733652748132461,240,0.5843478260869566,0,0,0,354,0.3860869565217391,0,0,0
LTP299,2,2,12,SHIRT,0,0.8598042183142721,0.032806187048156875,256,0.5565217391304348,0,0,0,259,0.551304347826087,0,0,0
LTP299,2,2,13,CASHEW,0,0.8878653976961643,-0.019748668777132,47,0.92,0,0,0,320,0.4452173913043478,0,0,0
LTP299,2,2,14,POPCORN,0,0.8359662845542808,-0.09283272733038515,417,0.27652173913043476,0,0,0,432,0.25043478260869567,0,0,0
LTP299,2,2,15,FLASK,0,0.8780965469240568,-0.034622495293377395,117,0.7982608695652174,0,0,0,342,0.40695652173913044,0,0,0
LTP299,2,2,16,COIN,1,0.8371407627658094,-0.07085215457357338,414,0.2817391304347826,0,0,0,428,0.2573913043478261,0,0,0
LTP299,2,2,17,SCOTCH,0,0.8704821755854127,0.18574557424506816,172,0.702608695652174,0,0,0,32,0.9460869565217391,0,0,0
LTP299,2,2,18,SPOOL,1,0.877076444935094,0.18859596538272172,120,0.7930434782608695,0,0,0,38,0.9356521739130435,0,0,0
LTP299,2,2,19,YARN,1,0.8743275425630567,-0.05471414603133192,128,0.7791304347826087,0,0,0,406,0.29565217391304344,0,0,0
LTP299,2,2,20,DIVER,1,0.7865013599583045,-0.09950348907543158,550,0.045217391304347876,0,0,0,476,0.17391304347826086,0,0,0
LTP299,2,2,21,TOMBSTONE,1,0.8836199537136724,-0.00926826789118681,80,0.8626086956521739,0,0,0,339,0.4121739130434783,0,0,0
LTP299,2,2,22,WIDOW,1,0.8484575621633187,0.036856271328860456,328,0.43130434782608695,0,0,0,230,0.6017391304347826,0,0,0
LTP299,2,2,23,ORCHID,0,0.8550275593653586,-0.10664744964593392,291,0.4956521739130435,0,0,0,481,0.16521739130434787,0,0,0
LTP299,2,2,24,SEAFOOD,1,0.8647413116186309,-0.12669872786520045,212,0.6330434782608696,0,0,0,518,0.10086956521739132,0,0,0
LTP299,2,3,1,PUPIL,1,0.8432082604580653,-0.04822490764042535,377,0.34608695652173915,0,0,0,374,0.351304347826087,0,0,0
LTP299,2,3,2,DRUG,1,0.8695481325035269,0.09692018413528937,180,0.688695652173913,0,0,0,127,0.7808695652173914,0,0,0
LTP299,2,3,3,BARREL,0,0.8293393422301679,-0.22048802005644494,445,0.22782608695652173,0,0,0,573,0.00521739130434784,0,0,0
LTP299,2,3,4,CAMEL,0,0.8844599233458464,-0.03054241644309094,68,0.8834782608695653,0,0,0,376,0.34782608695652173,0,0,0
LTP299,2,3,5,TWIG,0,0.8563719494171664,0.1277331595165869,280,0.5147826086956522,0,0,0,69,0.8817391304347826,0,0,0
LTP299,2,3,6,MAPLE,0,0.7841975879741908,-0.17897646478860255,557,0.03304347826086962,0,0,0,555,0.03652173913043477,0,0,0
LTP299,2,3,7,PUDDLE,0,0.8970646150313201,0.18525248421883964,6,0.991304347826087,0,0,1,44,0.9252173913043478,0,0,0
LTP299,2,3,8,PREACHER,1,0.8415392907252915,-0.21543334572599027,385,0.3321739130434782,0,0,0,572,0.006956521739130417,0,0,0
LTP299,2,3,9,MOTOR,0,0.8040164358935362,-0.07662957705425529,518,0.10086956521739132,0,0,0,427,0.25913043478260867,0,0,0
LTP299,2,3,10,STREAM,0,0.8835267821656516,-0.015255730941545871,66,0.8869565217391304,0,0,0,333,0.42260869565217396,0,0,0
LTP299,2,3,11,ROBOT,1,0.8430463468445158,-0.05243068253520266,388,0.3269565217391305,0,0,0,432,0.25043478260869567,0,0,0
LTP299,2,3,12,TABLE,0,0.8428751229611238,-0.07511096920028516,381,0.33913043478260874,0,0,0,431,0.25217391304347825,0,0,0
LTP299,2,3,13,OINTMENT,0,0.848474549338539,-0.03123882504293401,342,0.40695652173913044,0,0,0,356,0.3826086956521739,0,0,0
LTP299,2,3,14,KETCHUP,0,0.8868816374115143,0.149102444572714,57,0.9026086956521739,0,0,0,53,0.9095652173913044,0,0,0
LTP299,2,3,15,MUSTARD,0,0.7733831690547993,-0.07005778790637346,569,0.012173913043478257,0,0,0,452,0.21565217391304348,0,0,0
LTP299,2,3,16,RUG,0,0.8421735942220058,0.1404202604945227,394,0.3165217391304348,0,0,0,74,0.8730434782608696,0,0,0
LTP299,2,3,17,SILK,0,0.8803260514416934,0.0009329577929706286,85,0.8539130434782609,0,0,0,291,0.4956521739130435,0,0,0
LTP299,2,3,18,UNCLE,0,0.7973363495923395,-0.04945242790879555,528,0.08347826086956522,0,0,0,407,0.29391304347826086,0,0,0
LTP299,2,3,19,COUCH,1,0.8406720786470293,-0.06303203312237765,407,0.29391304347826086,0,0,0,405,0.2973913043478261,0,0,0
LTP299,2,3,20,EXPERT,1,0.8254319456571664,-0.11309929113158762,466,0.19130434782608696,0,0,0,495,0.14086956521739136,0,0,0
LTP299,2,3,21,PEACH,0,0.8372417078728495,-0.04701167197540975,413,0.2834782608695652,0,0,0,377,0.34608695652173915,0,0,0
LTP299,2,3,22,CANYON,0,0.8418935969024006,-0.15040700305707175,397,0.31130434782608696,0,0,0,512,0.111304347826087,0,0,0
LTP299,2,3,23,GYMNAST,1,0.8703298016308444,0.004277466711461193,176,0.6956521739130435,0,0,0,287,0.5026086956521739,0,0,0
LTP299,2,3,24,MACHINE,1,0.8422797826951097,0.10829324711720105,396,0.31304347826086953,0,0,0,88,0.8486956521739131,0,0,0
LTP299,2,4,1,WHISTLE,1,0.8838109203327206,0.14481457405762127,69,0.8817391304347826,0,0,0,63,0.8921739130434783,0,0,0
LTP299,2,4,2,GANGSTER,1,0.8565468925887236,-0.006899230658157736,278,0.5182608695652173,0,0,0,307,0.4678260869565217,0,0,0
LTP299,2,4,3,BULLET,1,0.8681119770574972,0.1173082235334803,192,0.6678260869565218,0,0,0,79,0.8643478260869565,0,0,0
LTP299,2,4,4,RECORD,0,0.8557516093795667,0.055943872456389,283,0.5095652173913043,0,0,0,181,0.6869565217391305,0,0,0
LTP299,2,4,5,PEPPER,0,0.8378371063657354,-0.11379823222514562,406,0.29565217391304344,0,0,0,476,0.17391304347826086,0,0,0
LTP299,2,4,6,CARRIAGE,1,0.8545206377687178,-0.10087235292053004,288,0.5008695652173913,0,0,0,453,0.2139130434782609,0,0,0
LTP299,2,4,7,FUNGUS,1,0.8655740398689703,0.015957908726443155,208,0.64,0,0,0,257,0.5547826086956522,0,0,0
LTP299,2,4,8,SLIME,1,0.8843096164986615,0.11875872182724764,67,0.8852173913043478,0,0,0,92,0.8417391304347825,0,0,0
LTP299,2,4,9,BOYFRIEND,1,0.8678112205619753,-0.12732516188781196,195,0.662608695652174,0,0,0,504,0.12521739130434784,0,0,0
LTP299,2,4,10,JELLY,1,0.8589693263718094,-0.08764932554767126,250,0.5669565217391304,0,0,0,438,0.24,0,0,0
LTP299,2,4,11,SHORTCAKE,1,0.8639390866142937,0.06830439327178343,213,0.6313043478260869,0,0,0,167,0.711304347826087,0,0,0
LTP299,2,4,12,TROUT,1,0.7932390282996725,-0.1624010549682429,536,0.06956521739130439,0,0,0,533,0.07478260869565212,0,0,0
LTP299,2,4,13,MARKER,0,0.8636303563087219,-0.1664453316011444,216,0.6260869565217391,0,0,0,538,0.06608695652173913,0,0,0
LTP299,2,4,14,WINDOW,0,0.8396546139002989,0.021410457402733403,407,0.29391304347826086,0,0,0,265,0.5408695652173914,0,0,0
LTP299,2,4,15,POET,0,0.8100949487952794,-0.08912529968482386,493,0.1443478260869565,0,0,0,439,0.23826086956521741,0,0,0
LTP299,2,4,16,SLUG,1,0.8706961737860686,0.14054668707025508,179,0.6904347826086956,0,0,0,65,0.888695652173913,0,0,0
LTP299,2,4,17,HORSE,1,0.857971083790666,0.0025320821387606707,267,0.537391304347826,0,0,0,297,0.4852173913043478,0,0,0
LTP299,2,4,18,CRAB,1,0.8721550365556067,-0.10182056685386609,161,0.7217391304347827,0,0,0,459,0.20347826086956522,0,0,0
LTP299,2,4,19,JUGGLER,0,0.8496168858211968,0.029860373867576444,329,0.4295652173913044,0,0,0,235,0.5930434782608696,0,0,0
LTP299,2,4,20,BUGGY,1,0.8782870515268001,0.03756678857746576,102,0.8243478260869566,0,0,0,224,0.6121739130434782,0,0,0
LTP299,2,4,21,AIRPLANE,1,0.850109525413672,-0.2007231907387088,324,0.43826086956521737,0,0,0,564,0.02086956521739125,0,0,0
LTP299,2,4,22,VALLEY,1,0.8767705445656098,-0.1299554896169272,110,0.8104347826086956,0,0,0,495,0.14086956521739136,0,0,0
LTP299,2,4,23,SEAGULL,1,0.8865931857055765,0.00021801499665147212,57,0.9026086956521739,0,0,0,284,0.5078260869565218,0,0,0
LTP299,2,4,24,BRANCH,1,0.8475771483348774,-0.05888117163513697,350,0.3930434782608696,0,0,0,415,0.28,0,0,0
LTP299,2,5,1,LONDON,0,0.7992972880676084,-0.13936394123753051,526,0.08695652173913049,0,0,0,504,0.12521739130434784,0,0,0
LTP299,2,5,2,PLAYGROUND,0,0.866639273194272,0.08957900090577343,204,0.6469565217391304,0,0,0,131,0.7739130434782608,0,0,0
LTP299,2,5,3,FLASHLIGHT,1,0.8470459698851992,0.16692735714049609,349,0.3947826086956522,0,0,0,42,0.928695652173913,0,0,0
LTP299,2,5,4,DRILL,1,0.8722088886275313,0.20902219975786016,155,0.7321739130434783,0,0,0,28,0.9530434782608695,0,0,0
LTP299,2,5,5,DAUGHTER,0,0.8283041845572717,0.017766600390437738,455,0.21043478260869564,0,0,0,260,0.5495652173913044,0,0,0
LTP299,2,5,6,RABBIT,1,0.817673121466699,-0.1700662436268251,479,0.16869565217391302,0,0,0,532,0.07652173913043481,0,0,0
LTP299,2,5,7,COURSE,1,0.8390125210052903,0.1675105342534863,409,0.2904347826086957,0,0,0,52,0.9113043478260869,0,0,0
LTP299,2,5,8,BINDER,0,0.8589129373974583,0.13198436646719502,259,0.551304347826087,0,0,0,66,0.8869565217391304,0,0,0
LTP299,2,5,9,POSTAGE,0,0.8721544062634874,0.12516677017328814,160,0.7234782608695652,0,0,0,93,0.84,0,0,0
LTP299,2,5,10,LAMP,0,0.8434452071718738,0.13560062100164483,380,0.3408695652173913,0,0,0,81,0.8608695652173913,0,0,0
LTP299,2,5,11,NIGHTGOWN,1,0.8375338841293635,-0.04638277639694505,419,0.2730434782608696,0,0,0,378,0.3443478260869566,0,0,0
LTP299,2,5,12,SLOPE,0,0.8655766136948584,0.1036449818986169,208,0.64,0,0,0,100,0.8278260869565217,0,0,0
LTP299,2,5,13,DASHBOARD,1,0.8857578648684823,0.24430844869594778,60,0.8973913043478261,0,0,0,16,0.9739130434782609,0,0,0
LTP299,2,5,14,MOTEL,1,0.8781563903526862,-0.01610763156575925,107,0.8156521739130435,0,0,0,319,0.4469565217391305,0,0,0
LTP299,2,5,15,DENTIST,1,0.8536578698258687,0.0033005498116611028,296,0.4869565217391304,0,0,0,282,0.511304347826087,0,0,0
LTP299,2,5,16,SCULPTURE,1,0.8594039130876546,0.13001021956480113,258,0.5530434782608695,0,0,0,70,0.88,0,0,0
LTP299,2,5,17,TUNNEL,1,0.8871649133150571,0.06645217863386352,46,0.9217391304347826,0,0,0,156,0.7304347826086957,0,0,0
LTP299,2,5,18,SIBLING,1,0.8530493612872135,-0.051011033873465006,307,0.4678260869565217,0,0,0,399,0.3078260869565217,0,0,0
LTP299,2,5,19,PLIERS,0,0.8667363768015317,-0.07546707030564205,203,0.6486956521739131,0,0,0,434,0.2469565217391304,0,0,0
LTP299,2,5,20,AWARD,1,0.8424849421331415,-0.0005226223111555724,387,0.32869565217391306,0,0,0,296,0.4869565217391304,0,0,0
LTP299,2,5,21,MEDAL,1,0.8561164156892092,0.028004398722109757,279,0.5165217391304349,0,0,0,226,0.6086956521739131,0,0,0
LTP299,2,5,22,BASEMENT,1,0.8666125593052322,0.06434820966354883,204,0.6469565217391304,0,0,0,170,0.7060869565217391,0,0,0
LTP299,2,5,23,CELLAR,1,0.8666037802947685,-0.0552532645010289,203,0.6486956521739131,0,0,0,386,0.33043478260869563,0,0,0
LTP299,2,5,24,SERVANT,0,0.7977821951313151,-0.11471851340474404,529,0.08173913043478265,0,0,0,483,0.1617391304347826,0,0,0
LTP299,2,6,1,PUPPY,1,0.8849980315077268,-0.057821094886813224,55,0.9060869565217391,0,0,0,397,0.31130434782608696,0,0,0
LTP299,2,6,2,BOUQUET,0,0.8734003098549363,-0.016032488842474504,143,0.7530434782608696,0,0,0,327,0.43304347826086953,0,0,0
LTP299,2,6,3,KNIFE,1,0.8337086474886848,0.1656631605171376,435,0.24521739130434783,0,0,0,45,0.9234782608695652,0,0,0
LTP299,2,6,4,STOVE,1,0.8508762109513139,-0.02040791468810262,323,0.43999999999999995,0,0,0,314,0.45565217391304347,0,0,0
LTP299,2,6,5,SKILLET,1,0.8998223932407238,0.24256217612250736,7,0.9895652173913043,0,0,1,8,0.9878260869565217,0,0,1
LTP299,2,6,6,SNACK,0,0.8748176076879475,0.17859290073110917,125,0.7843478260869565,0,0,0,35,0.9408695652173913,0,0,0
LTP299,2,6,7,BLOCKADE,1,0.8663943425609145,0.11420492163314694,207,0.6417391304347826,0,0,0,100,0.8278260869565217,0,0,0
LTP299,2,6,8,VALVE,0,0.8753167400842838,0.09303857415363749,118,0.7965217391304348,0,0,0,117,0.7982608695652174,0,0,0
LTP299,2,6,9,CRUTCH,0,0.8907437830452511,0.009844122997080299,29,0.951304347826087,0,0,0,287,0.5026086956521739,0,0,0
LTP299,2,6,10,SWORD,1,0.7988787010819621,0.008750194363011905,534,0.07304347826086954,0,0,0,259,0.551304347826087,0,0,0
LTP299,2,6,11,DIME,0,0.8415670055256738,-0.050618673562364276,385,0.3321739130434782,0,0,0,378,0.3443478260869566,0,0,0
LTP299,2,6,12,TREAT,1,0.7406158269286923,0.006153349240918747,576,0.0,0,0,0,283,0.5095652173913043,0,0,0
LTP299,2,6,13,MASK,0,0.8061698740109091,0.1418245936297194,510,0.11478260869565216,0,0,0,77,0.8678260869565217,0,0,0
LTP299,2,6,14,MATTRESS,0,0.8703325983606335,-0.07689594460170984,176,0.6956521739130435,0,0,0,426,0.26086956521739135,0,0,0
LTP299,2,6,15,LOFT,0,0.8877543957036631,-0.05962400843639531,44,0.9252173913043478,0,0,0,397,0.31130434782608696,0,0,0
LTP299,2,6,16,CLOCK,0,0.8513384580134797,0.11096259047264492,314,0.45565217391304347,0,0,0,102,0.8243478260869566,0,0,0
LTP299,2,6,17,PATIENT,0,0.8563377342910606,0.07322546810641777,283,0.5095652173913043,0,0,0,145,0.7495652173913043,0,0,0
LTP299,2,6,18,BRAKE,0,0.8937116382214467,0.09282497769784823,22,0.9634782608695652,0,0,0,137,0.7634782608695652,0,0,0
LTP299,2,6,19,DENIM,1,0.8615361459479076,-0.03632304569862066,241,0.5826086956521739,0,0,0,357,0.38086956521739135,0,0,0
LTP299,2,6,20,CANDY,1,0.8897939565148906,0.016084709614803842,34,0.9426086956521739,0,0,0,244,0.577391304347826,0,0,0
LTP299,2,6,21,SALT,0,0.8537989680031471,0.13377650869632246,299,0.48173913043478256,0,0,0,71,0.8782608695652174,0,0,0
LTP299,2,6,22,PIMPLE,0,0.8682129841646105,0.004940978639758095,186,0.6782608695652175,0,0,0,283,0.5095652173913043,0,0,0
LTP299,2,6,23,CLAMP,0,0.8077655688698987,0.15011160904430096,511,0.11304347826086958,0,0,0,52,0.9113043478260869,0,0,0
LTP299,2,6,24,SODA,1,0.7979228919121772,-0.018152046054949453,532,0.07652173913043481,0,0,0,311,0.4608695652173913,0,0,0
LTP299,2,7,1,SHELTER,0,0.8356526431013465,-0.001855854621826319,416,0.27826086956521734,0,0,0,297,0.4852173913043478,0,0,0
LTP299,2,7,2,PIANO,0,0.8510157225018469,-0.0941827158485689,314,0.45565217391304347,0,0,0,455,0.21043478260869564,0,0,0
LTP299,2,7,3,PILOT,1,0.8838599685714061,-0.05000970125310609,53,0.9095652173913044,0,0,0,375,0.3495652173913043,0,0,0
LTP299,2,7,4,PENGUIN,1,0.8920727392936184,-0.06991773301432051,16,0.9739130434782609,0,0,0,407,0.29391304347826086,0,0,0
LTP299,2,7,5,SOFTBALL,0,0.8699119309498669,-0.0019783828472227797,170,0.7060869565217391,0,0,0,290,0.4973913043478261,0,0,0
LTP299,2,7,6,CATCHER,0,0.8791897252163233,0.138455490687938,94,0.8382608695652174,0,0,0,52,0.9113043478260869,0,0,0
LTP299,2,7,7,SPONGE,0,0.8670005566664301,-0.07176298509289258,193,0.6660869565217391,0,0,0,409,0.2904347826086957,0,0,0
LTP299,2,7,8,GHETTO,0,0.8788713987016388,-0.06692599417566689,88,0.8486956521739131,0,0,0,407,0.29391304347826086,0,0,0
LTP299,2,7,9,STAKE,0,0.8259033064141393,0.09722350563006,459,0.20347826086956522,0,0,0,102,0.8243478260869566,0,0,0
LTP299,2,7,10,SNAIL,1,0.8820105266610266,0.14537095509314882,74,0.8730434782608696,0,0,0,60,0.8973913043478261,0,0,0
LTP299,2,7,11,PICTURE,0,0.8320345215129753,0.12640163001302684,436,0.24347826086956526,0,0,0,66,0.8869565217391304,0,0,0
LTP299,2,7,12,BATHTUB,0,0.8461440565602123,-0.08608811989347001,344,0.4034782608695652,0,0,0,449,0.22086956521739132,0,0,0
LTP299,2,7,13,AGENT,0,0.80368585085749,0.0028258096792223146,524,0.09043478260869564,0,0,0,283,0.5095652173913043,0,0,0
LTP299,2,7,14,SKETCH,0,0.871660526789492,0.19627047342356285,146,0.7478260869565218,0,0,0,24,0.96,0,0,0
LTP299,2,7,15,KIDNEY,0,0.854869102091153,-0.01121112912939351,288,0.5008695652173913,0,0,0,308,0.46608695652173915,0,0,0
LTP299,2,7,16,KEEPER,0,0.8273207784244253,0.025604644715352773,455,0.21043478260869564,0,0,0,215,0.6278260869565218,0,0,0
LTP299,2,7,17,ANKLE,0,0.8669636028303901,0.07026293361102384,193,0.6660869565217391,0,0,0,136,0.7652173913043478,0,0,0
LTP299,2,7,18,LEG,0,0.8365633262195056,-0.05039867701325041,413,0.2834782608695652,0,0,0,395,0.3147826086956522,0,0,0
LTP299,2,7,19,VENUS,1,0.8167002429811107,-0.18001368524050773,485,0.15826086956521734,0,0,0,556,0.034782608695652195,0,0,0
LTP299,2,7,20,DORM,0,0.7773159624815316,-0.1395198557725093,565,0.019130434782608674,0,0,0,517,0.1026086956521739,0,0,0
LTP299,2,7,21,CRICKET,1,0.8667885646387049,-0.15887441163709634,201,0.6521739130434783,0,0,0,540,0.06260869565217386,0,0,0
LTP299,2,7,22,CREATURE,1,0.8502936008638933,-0.06947792731739477,315,0.4539130434782609,0,0,0,421,0.26956521739130435,0,0,0
LTP299,2,7,23,LABEL,0,0.8628091355448807,0.13543205713468476,226,0.6086956521739131,0,0,0,51,0.9130434782608696,0,0,0
LTP299,2,7,24,PLUTO,1,0.8608447069697928,-0.0966104711323874,240,0.5843478260869566,0,0,0,471,0.18260869565217386,0,0,0
LTP299,2,8,1,MARSH,1,0.8588742854506993,-0.2352168094100146,230,0.6017391304347826,0,0,0,557,0.03304347826086962,0,0,0
LTP299,2,8,2,SHERIFF,0,0.881525205890801,0.012630135421043161,65,0.888695652173913,0,0,0,247,0.5721739130434782,0,0,0
LTP299,2,8,3,CASHIER,0,0.869904915655051,0.021788394672496405,154,0.7339130434782608,0,0,0,223,0.6139130434782609,0,0,0
LTP299,2,8,4,PACKAGE,0,0.8538971322192512,0.005565072980190739,285,0.5060869565217392,0,0,0,273,0.5269565217391304,0,0,0
LTP299,2,8,5,SEAL,1,0.7851971295578256,0.10689039730977658,560,0.02782608695652178,0,0,0,76,0.8695652173913043,0,0,0
LTP299,2,8,6,BLACKBOARD,1,0.827404680450642,-0.022917695431446835,449,0.22086956521739132,0,0,0,338,0.41391304347826086,0,0,0
LTP299,2,8,7,FEMALE,1,0.8017637591800351,0.006948764246712371,526,0.08695652173913049,0,0,0,259,0.551304347826087,0,0,0
LTP299,2,8,8,WOMAN,0,0.840933119003566,-0.05915304773392494,386,0.33043478260869563,0,0,0,395,0.3147826086956522,0,0,0
LTP299,2,8,9,MONEY,1,0.8230304423172226,-0.009417828591047981,465,0.19304347826086954,0,0,0,299,0.48173913043478256,0,0,0
LTP299,2,8,10,WAITER,0,0.8528108931907787,0.050053691150453876,296,0.4869565217391304,0,0,0,157,0.728695652173913,0,0,0
LTP299,2,8,11,LASER,0,0.7911005445118718,0.22377147651772117,553,0.040000000000000036,0,0,0,9,0.9860869565217392,0,0,1
LTP299,2,8,12,PEBBLE,1,0.8184397762984335,-0.10654482916193488,479,0.16869565217391302,0,0,0,486,0.15652173913043477,0,0,0
LTP299,2,8,13,HARP,0,0.8558496918877031,-0.211368697673136,254,0.56,0,0,0,544,0.055652173913043446,0,0,0
LTP299,2,8,14,LEOPARD,1,0.8647086820055362,0.007173228126895369,190,0.671304347826087,0,0,0,255,0.5582608695652174,0,0,0
LTP299,2,8,15,SLIDE,1,0.8637579037322268,0.0006776340940189924,201,0.6521739130434783,0,0,0,276,0.5217391304347826,0,0,0
LTP299,2,8,16,ATLAS,1,0.764422528897252,0.07729824554601375,574,0.003478260869565264,0,0,0,128,0.7791304347826087,0,0,0
LTP299,2,8,17,RAZOR,0,0.8460738928784445,-0.03528690629387995,337,0.41565217391304343,0,0,0,378,0.3443478260869566,0,0,0
LTP299,2,8,18,LAGOON,1,0.8356254810215364,-0.06267359767171005,409,0.2904347826086957,0,0,0,415,0.28,0,0,0
LTP299,2,8,19,WASHER,1,0.8598255766173565,0.1618070138864984,232,0.5982608695652174,0,0,0,31,0.9478260869565217,0,0,0
LTP299,2,8,20,TABLET,1,0.8675906791926861,0.004887402914504403,167,0.711304347826087,0,0,0,268,0.5356521739130435,0,0,0
LTP299,2,8,21,HEADBAND,0,0.8639724734771932,0.001609473978105046,216,0.6260869565217391,0,0,0,275,0.5234782608695652,0,0,0
LTP299,2,8,22,SISTER,1,0.7960141498283244,0.013657312942315892,537,0.0678260869565217,0,0,0,246,0.5739130434782609,0,0,0
LTP299,2,8,23,BROTHER,1,0.8751764690959113,-0.010548134679534363,93,0.84,0,0,0,306,0.4695652173913043,0,0,0
LTP299,2,8,24,BANKER,1,0.8876673579258515,0.07729256751869856,30,0.9495652173913044,0,0,0,105,0.8191304347826087,0,0,0
LTP299,2,9,1,PORTRAIT,1,0.8306112392181599,-0.05069493527589585,165,0.7147826086956521,0,0,0,387,0.32869565217391306,0,0,0
LTP299,2,9,2,LION,1,0.8091762092503386,-0.012155078121301123,419,0.2730434782608696,0,0,0,310,0.4626086956521739,0,0,0
LTP299,2,9,3,THREAD,1,0.8224103502690356,0.0008837204514208281,328,0.43130434782608695,0,0,0,272,0.528695652173913,0,0,0
LTP299,2,9,4,WRENCH,1,0.8274051740607801,0.0261528235886983,352,0.38956521739130434,0,0,0,240,0.5843478260869566,0,0,0
LTP299,2,9,5,GRILL,0,0.8376575324609384,0.02255460337440866,159,0.7252173913043478,0,0,0,213,0.6313043478260869,0,0,0
LTP299,2,9,6,TILE,1,0.8149415414182698,0.04821866528551462,348,0.39652173913043476,0,0,0,167,0.711304347826087,0,0,0
LTP299,2,9,7,MILK,1,0.7988129885787969,-0.023840727528889834,466,0.19130434782608696,0,0,0,331,0.4260869565217391,0,0,0
LTP299,2,9,8,HELMET,1,0.830025657876834,-0.10880014958949942,362,0.37217391304347824,0,0,0,518,0.10086956521739132,0,0,0
LTP299,2,9,9,SCARF,1,0.8078650980394207,-0.0846886232822414,318,0.44869565217391305,0,0,0,439,0.23826086956521741,0,0,0
LTP299,2,9,10,SANDWICH,1,0.8643168046788404,0.005765903634048359,42,0.928695652173913,0,0,0,270,0.5321739130434783,0,0,0
LTP299,2,9,11,APRON,0,0.8383094042622017,-0.028309062377286965,182,0.6852173913043478,0,0,0,344,0.4034782608695652,0,0,0
LTP299,2,9,12,CREVICE,0,0.8615849933048052,0.0027952165069988714,75,0.8713043478260869,0,0,0,273,0.5269565217391304,0,0,0
LTP299,2,9,13,BRICK,0,0.8656658993469667,0.07337529632391658,8,0.9878260869565217,0,0,1,129,0.7773913043478261,0,0,0
LTP299,2,9,14,FRAGRANCE,0,0.8651442734604631,0.15295567894189974,67,0.8852173913043478,0,0,0,48,0.9182608695652174,0,0,0
LTP299,2,9,15,GRIZZLY,0,0.8068928837177332,-0.08933964630250509,370,0.3582608695652174,0,0,0,444,0.2295652173913043,0,0,0
LTP299,2,9,16,COOKBOOK,1,0.8276616300765078,-0.052640564903424725,326,0.4347826086956522,0,0,0,395,0.3147826086956522,0,0,0
LTP299,2,9,17,SUBWAY,0,0.8212414245853822,-0.14599120122454878,234,0.5947826086956522,0,0,0,535,0.07130434782608697,0,0,0
LTP299,2,9,18,SCALLOP,1,0.8449194644049298,0.11764230576623913,162,0.72,0,0,0,87,0.8504347826086956,0,0,0
LTP299,2,9,19,CLAM,1,0.7661257546690217,0.07057162964726651,524,0.09043478260869564,0,0,0,136,0.7652173913043478,0,0,0
LTP299,2,9,20,BOARD,0,0.7537221872604554,-0.1496496161986701,571,0.008695652173912993,0,0,0,546,0.05217391304347829,0,0,0
LTP299,2,9,21,CABIN,0,0.8289192019811759,0.01352959457439491,374,0.351304347826087,0,0,0,222,0.6156521739130435,0,0,0
LTP299,2,9,22,PRINCE,0,0.7900305663646526,-0.06844016523509848,522,0.0939130434782609,0,0,0,407,0.29391304347826086,0,0,0
LTP299,2,9,23,MEAT,1,0.8405880425719608,-0.04864818089518382,289,0.49913043478260866,0,0,0,405,0.2973913043478261,0,0,0
LTP299,2,9,24,TURKEY,1,0.8565967360495521,-0.060334326113752994,127,0.7808695652173914,0,0,0,392,0.31999999999999995,0,0,0
LTP299,2,10,1,TURTLE,1,0.8865269880147908,-0.029212869718685957,23,0.9617391304347827,0,0,0,330,0.4278260869565217,0,0,0
LTP299,2,10,2,BALLOON,1,0.87956679376684,-0.07018220883596667,61,0.8956521739130435,0,0,0,426,0.26086956521739135,0,0,0
LTP299,2,10,3,GOBLIN,1,0.8610708228040534,0.1093716110253076,201,0.6521739130434783,0,0,0,80,0.8626086956521739,0,0,0
LTP299,2,10,4,MATCH,1,0.8458182737652966,-0.012638609603063867,306,0.4695652173913043,0,0,0,294,0.49043478260869566,0,0,0
LTP299,2,10,5,HEDGE,0,0.8468002594138327,0.0014649833886852632,321,0.4434782608695652,0,0,0,268,0.5356521739130435,0,0,0
LTP299,2,10,6,OZONE,0,0.8474172131824896,0.04809678265807792,295,0.4886956521739131,0,0,0,170,0.7060869565217391,0,0,0
LTP299,2,10,7,SWIMMER,1,0.7962928808687062,-0.02457314844575669,526,0.08695652173913049,0,0,0,326,0.4347826086956522,0,0,0
LTP299,2,10,8,ISLAND,1,0.7740932484754384,0.14171098525672737,565,0.019130434782608674,0,0,0,44,0.9252173913043478,0,0,0
LTP299,2,10,9,APPLE,1,0.840993500279455,-0.003683166325682982,347,0.39826086956521745,0,0,0,274,0.5252173913043479,0,0,0
LTP299,2,10,10,WAGON,1,0.8619264307555393,0.20608508583193216,193,0.6660869565217391,0,0,0,16,0.9739130434782609,0,0,0
LTP299,2,10,11,SHARK,0,0.7924077744415484,0.0815786441570846,534,0.07304347826086954,0,0,0,116,0.8,0,0,0
LTP299,2,10,12,OFFICE,0,0.8471860375440369,-0.1390263539677992,323,0.43999999999999995,0,0,0,531,0.07826086956521738,0,0,0
LTP299,2,10,13,GLOBE,1,0.8452922247703395,0.17697554758249728,335,0.4191304347826087,0,0,0,24,0.96,0,0,0
LTP299,2,10,14,WORLD,1,0.8235091996220127,0.19028858682037642,462,0.19826086956521738,0,0,0,20,0.9669565217391305,0,0,0
LTP299,2,10,15,CLIMBER,0,0.8255018114876639,-0.024781096822426737,446,0.22608695652173916,0,0,0,320,0.4452173913043478,0,0,0
LTP299,2,10,16,MISTER,0,0.8112695272962673,-0.0059956348298663,494,0.14260869565217393,0,0,0,284,0.5078260869565218,0,0,0
LTP299,2,10,17,LIZARD,0,0.8676915821315252,-0.04890224289747772,150,0.7408695652173913,0,0,0,381,0.33913043478260874,0,0,0
LTP299,2,10,18,COCOON,0,0.8108019693205253,-0.08455919223055128,495,0.14086956521739136,0,0,0,453,0.2139130434782609,0,0,0
LTP299,2,10,19,HIGHWAY,1,0.798911234373404,0.1189901769137174,528,0.08347826086956522,0,0,0,65,0.888695652173913,0,0,0
LTP299,2,10,20,WIFE,1,0.7925767807542202,0.11234398879365258,545,0.05391304347826087,0,0,0,70,0.88,0,0,0
LTP299,2,10,21,TRUCK,1,0.8360028269993608,-0.0786000790895797,392,0.31999999999999995,0,0,0,421,0.26956521739130435,0,0,0
LTP299,2,10,22,HIKER,1,0.8686935980757322,-0.03331490848548465,138,0.7617391304347826,0,0,0,345,0.4017391304347826,0,0,0
LTP299,2,10,23,HOUND,1,0.8954852806499024,0.15248529192802326,12,0.9808695652173913,0,0,0,35,0.9408695652173913,0,0,0
LTP299,2,10,24,OUTFIT,1,0.8577891344072492,-0.106441064968914,231,0.6,0,0,0,469,0.18608695652173912,0,0,0
LTP299,2,11,1,FREEZER,0,0.8213862298881133,0.0038563936861016786,470,0.18434782608695655,0,0,0,282,0.511304347826087,0,0,0
LTP299,2,11,2,CAPTIVE,0,0.8310054650604962,-0.10268784596356495,432,0.25043478260869567,0,0,0,452,0.21565217391304348,0,0,0
LTP299,2,11,3,MILDEW,0,0.8901324889963408,0.09348612472373118,41,0.9304347826086956,0,0,0,129,0.7773913043478261,0,0,0
LTP299,2,11,4,DUST,0,0.8432514808654709,-0.05332302582112365,364,0.3686956521739131,0,0,0,383,0.3356521739130435,0,0,0
LTP299,2,11,5,PORK,0,0.8510344120237907,-0.2406049900725287,303,0.47478260869565214,0,0,0,570,0.01043478260869568,0,0,0
LTP299,2,11,6,SHELF,0,0.8144755031928157,-0.014069592556076484,492,0.1460869565217391,0,0,0,308,0.46608695652173915,0,0,0
LTP299,2,11,7,CYCLONE,0,0.8809163638358413,0.04413399972783023,93,0.84,0,0,0,207,0.6417391304347826,0,0,0
LTP299,2,11,8,REBEL,0,0.8392852551855472,-0.0014978016560572868,387,0.32869565217391306,0,0,0,285,0.5060869565217392,0,0,0
LTP299,2,11,9,COMPASS,0,0.8774351443017869,0.002972407598752714,110,0.8104347826086956,0,0,0,274,0.5252173913043479,0,0,0
LTP299,2,11,10,CRATER,0,0.869396477187282,-0.03698370610677195,157,0.728695652173913,0,0,0,367,0.36347826086956525,0,0,0
LTP299,2,11,11,CHAUFFEUR,0,0.8450775063220377,-0.022787360727453316,347,0.39826086956521745,0,0,0,331,0.4260869565217391,0,0,0
LTP299,2,11,12,NECKLACE,0,0.9000070410109994,0.09154987042184903,6,0.991304347826087,0,0,1,137,0.7634782608695652,0,0,0
LTP299,2,11,13,AUTHOR,0,0.8553949555460224,0.05384214944651339,273,0.5269565217391304,0,0,0,193,0.6660869565217391,0,0,0
LTP299,2,11,14,TRENCH,1,0.8257224875913316,-0.10180658531174776,457,0.20695652173913048,0,0,0,470,0.18434782608695655,0,0,0
LTP299,2,11,15,FIREMAN,1,0.8849255775427616,0.013868894409394117,74,0.8730434782608696,0,0,0,253,0.5617391304347826,0,0,0
LTP299,2,11,16,BARLEY,1,0.8733436640047724,0.036984466250263075,136,0.7652173913043478,0,0,0,198,0.6573913043478261,0,0,0
LTP299,2,11,17,GRAPE,1,0.7806309913369646,0.07102108100457155,559,0.029565217391304355,0,0,0,168,0.7095652173913043,0,0,0
LTP299,2,11,18,MUMMY,1,0.8605197693229469,0.016132297546278627,227,0.6069565217391304,0,0,0,243,0.5791304347826087,0,0,0
LTP299,2,11,19,PRINCESS,1,0.8859928279101339,0.18627300354439125,64,0.8904347826086957,0,0,0,41,0.9304347826086956,0,0,0
LTP299,2,11,20,CROWN,1,0.8723760862048698,0.049638258067195795,143,0.7530434782608696,0,0,0,185,0.6799999999999999,0,0,0
LTP299,2,11,21,GRAVEL,1,0.7680473746376474,0.06311604548646368,571,0.008695652173912993,0,0,0,182,0.6852173913043478,0,0,0
LTP299,2,11,22,DOUGHNUT,0,0.8847879016033328,-0.06497572029658569,72,0.8765217391304347,0,0,0,417,0.27652173913043476,0,0,0
LTP299,2,11,23,TUBA,1,0.8467634593319496,-0.12075301063822542,340,0.4104347826086957,0,0,0,495,0.14086956521739136,0,0,0
LTP299,2,11,24,BANJO,1,0.8748649051511571,-0.012824214863470539,117,0.7982608695652174,0,0,0,317,0.4504347826086956,0,0,0
LTP299,2,12,1,LUGGAGE,1,0.8774971697434022,-0.10475528959461046,105,0.8191304347826087,0,0,0,482,0.16347826086956518,0,0,0
LTP299,2,12,2,RIVER,1,0.8787893764682506,0.1130962397098184,107,0.8156521739130435,0,0,0,94,0.8382608695652174,0,0,0
LTP299,2,12,3,HOOD,1,0.8732144745863922,0.07004433718652485,130,0.7756521739130435,0,0,0,149,0.7426086956521739,0,0,0
LTP299,2,12,4,INFANT,1,0.8679597317423536,0.051361420093238956,183,0.6834782608695652,0,0,0,211,0.6347826086956522,0,0,0
LTP299,2,12,5,CHILD,1,0.8475991064506028,0.06561133947860125,334,0.4208695652173913,0,0,0,157,0.728695652173913,0,0,0
LTP299,2,12,6,STONE,0,0.840569487127704,-0.09945577985051894,390,0.3234782608695652,0,0,0,464,0.19478260869565223,0,0,0
LTP299,2,12,7,SADDLE,0,0.8649016485515585,-0.0006172182189703338,212,0.6330434782608696,0,0,0,285,0.5060869565217392,0,0,0
LTP299,2,12,8,BEAVER,1,0.8537458845418741,0.1371577562376753,292,0.4939130434782608,0,0,0,56,0.9043478260869565,0,0,0
LTP299,2,12,9,POISON,0,0.8283989106946544,-0.06916954514755674,447,0.22434782608695647,0,0,0,420,0.2713043478260869,0,0,0
LTP299,2,12,10,QUAIL,1,0.8670569758687187,-0.060769837544,194,0.6643478260869565,0,0,0,391,0.32173913043478264,0,0,0
LTP299,2,12,11,HAWK,1,0.8076848361449643,-0.009512984142051017,509,0.11652173913043473,0,0,0,308,0.46608695652173915,0,0,0
LTP299,2,12,12,VELVET,1,0.8692733409096268,-0.012681185445538345,165,0.7147826086956521,0,0,0,314,0.45565217391304347,0,0,0
LTP299,2,12,13,RADISH,1,0.8701382128593758,0.053734700399789684,159,0.7252173913043478,0,0,0,192,0.6678260869565218,0,0,0
LTP299,2,12,14,GAZELLE,1,0.8618637956982044,-0.005153631408641862,226,0.6086956521739131,0,0,0,293,0.49217391304347824,0,0,0
LTP299,2,12,15,LODGE,1,0.8695493509719306,0.05569182708739221,171,0.7043478260869565,0,0,0,181,0.6869565217391305,0,0,0
LTP299,2,12,16,ACTOR,1,0.7804689006793927,-0.145010377040363,562,0.024347826086956514,0,0,0,517,0.1026086956521739,0,0,0
LTP299,2,12,17,PASTRY,0,0.8645026315773362,0.06017533960909532,203,0.6486956521739131,0,0,0,179,0.6904347826086956,0,0,0
LTP299,2,12,18,BLOUSE,0,0.8726264288714949,-0.0745365574887456,146,0.7478260869565218,0,0,0,432,0.25043478260869567,0,0,0
LTP299,2,12,19,EMPIRE,0,0.8423686004900772,0.13155741122614673,382,0.33739130434782605,0,0,0,75,0.8713043478260869,0,0,0
LTP299,2,12,20,STATUE,0,0.8065817898867543,-0.09046455564008937,512,0.111304347826087,0,0,0,459,0.20347826086956522,0,0,0
LTP299,2,12,21,NAPKIN,0,0.8308332417006699,-0.036163854164679446,441,0.23478260869565215,0,0,0,371,0.35652173913043483,0,0,0
LTP299,2,12,22,PEDAL,1,0.863065030277563,0.1252886757616964,226,0.6086956521739131,0,0,0,77,0.8678260869565217,0,0,0
LTP299,2,12,23,RELISH,1,0.846059707535115,0.0781987472290276,361,0.3739130434782608,0,0,0,137,0.7634782608695652,0,0,0
LTP299,2,12,24,LAPEL,1,0.8507820388688259,0.10214197723822964,319,0.4469565217391305,0,0,0,95,0.8365217391304348,0,0,0
LTP299,2,13,1,BUNNY,1,0.8559098728631859,0.01617287481081133,280,0.5147826086956522,0,0,0,248,0.5704347826086957,0,0,0
LTP299,2,13,2,ZIPPER,1,0.7849824655072796,-0.048350228827980214,558,0.03130434782608693,0,0,0,376,0.34782608695652173,0,0,0
LTP299,2,13,3,LAKE,1,0.8442279227160384,-0.12401109473611188,367,0.36347826086956525,0,0,0,497,0.1373913043478261,0,0,0
LTP299,2,13,4,ITEM,1,0.8270190777950345,-0.021696846410009143,458,0.2052173913043478,0,0,0,338,0.41391304347826086,0,0,0
LTP299,2,13,5,THRONE,1,0.8527018619668679,-0.07220276994352982,304,0.47304347826086957,0,0,0,426,0.26086956521739135,0,0,0
LTP299,2,13,6,QUEEN,1,0.8600621459117821,-0.019392657406078043,245,0.5756521739130435,0,0,0,338,0.41391304347826086,0,0,0
LTP299,2,13,7,IDOL,1,0.7942525405641889,0.04214227203534278,543,0.05739130434782613,0,0,0,201,0.6521739130434783,0,0,0
LTP299,2,13,8,PADDING,0,0.8684183045036963,-0.027403705573967582,178,0.6921739130434783,0,0,0,328,0.43130434782608695,0,0,0
LTP299,2,13,9,JELLO,0,0.862666744707215,0.04360329329604044,223,0.6139130434782609,0,0,0,201,0.6521739130434783,0,0,0
LTP299,2,13,10,FRIEND,0,0.8339797783656572,-0.14728143647513076,435,0.24521739130434783,0,0,0,524,0.09043478260869564,0,0,0
LTP299,2,13,11,PEANUT,0,0.8750309081775934,0.11166636883954201,125,0.7843478260869565,0,0,0,103,0.8226086956521739,0,0,0
LTP299,2,13,12,DAISY,0,0.8630374785108132,0.13186231113620211,212,0.6330434782608696,0,0,0,84,0.8556521739130435,0,0,0
LTP299,2,13,13,COUNTRY,0,0.8375250241038095,0.02391492770813492,411,0.28695652173913044,0,0,0,235,0.5930434782608696,0,0,0
LTP299,2,13,14,COMET,0,0.8431260149680078,0.12124775556134723,383,0.3356521739130435,0,0,0,96,0.8347826086956522,0,0,0
LTP299,2,13,15,DRAGON,0,0.8856891045479203,-0.026977191662347157,41,0.9304347826086956,0,0,0,342,0.40695652173913044,0,0,0
LTP299,2,13,16,CANAL,0,0.8636808096821976,-0.11544286954312613,211,0.6347826086956522,0,0,0,486,0.15652173913043477,0,0,0
LTP299,2,13,17,MARROW,1,0.872958378123907,-0.12265112373982986,125,0.7843478260869565,0,0,0,500,0.13217391304347825,0,0,0
LTP299,2,13,18,FLESH,1,0.8432389291131531,-0.029674455926367027,378,0.3443478260869566,0,0,0,342,0.40695652173913044,0,0,0
LTP299,2,13,19,BRIEFCASE,1,0.8481889512016416,-0.11446621194460993,335,0.4191304347826087,0,0,0,487,0.1547826086956522,0,0,0
LTP299,2,13,20,FOREST,0,0.8162629612359019,0.004086833957233168,489,0.15130434782608693,0,0,0,283,0.5095652173913043,0,0,0
LTP299,2,13,21,COWBOY,0,0.8534085088496379,-0.05966777479221918,298,0.48347826086956525,0,0,0,388,0.3269565217391305,0,0,0
LTP299,2,13,22,ZEBRA,1,0.8703489036685317,0.027930109840598693,165,0.7147826086956521,0,0,0,237,0.5895652173913044,0,0,0
LTP299,2,13,23,PAPER,1,0.7937375665228572,-0.09226664118684405,540,0.06260869565217386,0,0,0,452,0.21565217391304348,0,0,0
LTP299,2,13,24,ARMY,1,0.8665410683948316,-0.03579827945975104,188,0.6747826086956521,0,0,0,363,0.37043478260869567,0,0,0
LTP299,2,14,1,NEUTRON,1,0.897265290842584,0.09433073189484448,10,0.9843478260869565,0,0,1,130,0.7756521739130435,0,0,0
LTP299,2,14,2,FRAME,1,0.8746514402283656,-0.08463095017744829,124,0.7860869565217391,0,0,0,447,0.22434782608695647,0,0,0
LTP299,2,14,3,DRAWING,1,0.8565630570138184,-0.01430622737435273,283,0.5095652173913043,0,0,0,314,0.45565217391304347,0,0,0
LTP299,2,14,4,VICTIM,1,0.8187961899636046,0.029334681369748504,484,0.16000000000000003,0,0,0,222,0.6156521739130435,0,0,0
LTP299,2,14,5,PIGMENT,0,0.8798696496993316,0.058669618244518544,91,0.8434782608695652,0,0,0,178,0.6921739130434783,0,0,0
LTP299,2,14,6,OYSTER,1,0.865838293059642,0.1275625722286115,202,0.6504347826086956,0,0,0,74,0.8730434782608696,0,0,0
LTP299,2,14,7,SCALPEL,1,0.8811257380372708,0.0058512477677333296,85,0.8539130434782609,0,0,0,275,0.5234782608695652,0,0,0
LTP299,2,14,8,DRIVER,1,0.834678818537072,0.0036587687851959176,424,0.2643478260869565,0,0,0,275,0.5234782608695652,0,0,0
LTP299,2,14,9,COD,1,0.801804811737361,0.0009560590618370689,520,0.09739130434782606,0,0,0,278,0.5182608695652173,0,0,0
LTP299,2,14,10,PIGEON,0,0.9015755888643907,0.20096567082734845,2,0.9982608695652174,0,1,1,31,0.9478260869565217,0,0,0
LTP299,2,14,11,STAPLE,0,0.8611435481720802,0.014537106075653825,243,0.5791304347826087,0,0,0,254,0.56,0,0,0
LTP299,2,14,12,BADGE,1,0.8418760758158627,-0.1057584164078083,392,0.31999999999999995,0,0,0,494,0.14260869565217393,0,0,0
LTP299,2,14,13,CARROT,1,0.8510705980291309,-0.11938189313859389,329,0.4295652173913044,0,0,0,515,0.10608695652173916,0,0,0
LTP299,2,14,14,EYELASH,0,0.8620393468974199,0.21024321970751098,235,0.5930434782608696,0,0,0,23,0.9617391304347827,0,0,0
LTP299,2,14,15,VAGRANT,1,0.848085113918934,0.037874284427443415,340,0.4104347826086957,0,0,0,202,0.6504347826086956,0,0,0
LTP299,2,14,16,PRIMATE,0,0.8416692200592916,0.020452961322690175,386,0.33043478260869563,0,0,0,237,0.5895652173913044,0,0,0
LTP299,2,14,17,JUNGLE,0,0.8746818947067202,-0.11856361322534555,128,0.7791304347826087,0,0,0,489,0.15130434782608693,0,0,0
LTP299,2,14,18,PERMIT,0,0.8581136182647657,0.1630423672554607,265,0.5408695652173914,0,0,0,52,0.9113043478260869,0,0,0
LTP299,2,14,19,RECEIPT,0,0.8481766195672533,0.08314300954399735,340,0.4104347826086957,0,0,0,127,0.7808695652173914,0,0,0
LTP299,2,14,20,WARDROBE,0,0.8924279668953297,-0.007975027395405693,22,0.9634782608695652,0,0,0,305,0.471304347826087,0,0,0
LTP299,2,14,21,TRANSPLANT,0,0.7941534211583027,0.0066268977373274895,540,0.06260869565217386,0,0,0,268,0.5356521739130435,0,0,0
LTP299,2,14,22,CITRUS,1,0.8722760114584958,0.11393260411455226,143,0.7530434782608696,0,0,0,108,0.8139130434782609,0,0,0
LTP299,2,14,23,ORANGE,1,0.8498536030075553,0.08262195902795484,337,0.41565217391304343,0,0,0,145,0.7495652173913043,0,0,0
LTP299,2,14,24,PERCH,1,0.8924445561239358,0.16324819302249582,22,0.9634782608695652,0,0,0,60,0.8973913043478261,0,0,0
LTP299,2,15,1,BEAST,1,0.8039141339813035,-0.06456825659093997,515,0.10608695652173916,0,0,0,410,0.288695652173913,0,0,0
LTP299,2,15,2,HAMPER,0,0.8847213144956583,-0.0017291542544726139,56,0.9043478260869565,0,0,0,274,0.5252173913043479,0,0,0
LTP299,2,15,3,PROTON,1,0.8269223489069554,-0.038591302371837166,456,0.20869565217391306,0,0,0,373,0.35304347826086957,0,0,0
LTP299,2,15,4,MAMMAL,1,0.8030099429042858,-0.09273849968046861,515,0.10608695652173916,0,0,0,483,0.1617391304347826,0,0,0
LTP299,2,15,5,JAPAN,1,0.7993568842837513,0.10757010516868441,532,0.07652173913043481,0,0,0,95,0.8365217391304348,0,0,0
LTP299,2,15,6,YACHT,1,0.8844961134411945,0.06904272727396386,59,0.8991304347826087,0,0,0,144,0.751304347826087,0,0,0
LTP299,2,15,7,YOLK,1,0.8756355241782011,0.06289264333159497,114,0.8034782608695652,0,0,0,175,0.6973913043478261,0,0,0
LTP299,2,15,8,SPOON,1,0.8662974134749142,-0.009922841174879151,209,0.6382608695652174,0,0,0,289,0.49913043478260866,0,0,0
LTP299,2,15,9,IGLOO,0,0.8466477430697958,0.10825504235341518,357,0.38086956521739135,0,0,0,82,0.8591304347826088,0,0,0
LTP299,2,15,10,ICEBERG,0,0.8946516790331471,0.17355530074413145,20,0.9669565217391305,0,0,0,32,0.9460869565217391,0,0,0
LTP299,2,15,11,ASIA,0,0.7971807093424214,0.07212375590940971,533,0.07478260869565212,0,0,0,135,0.7669565217391304,0,0,0
LTP299,2,15,12,ICING,0,0.8554984994727802,-0.01573047268067058,290,0.4973913043478261,0,0,0,326,0.4347826086956522,0,0,0
LTP299,2,15,13,CRIB,1,0.8405681125770885,-0.020264960212418828,393,0.3182608695652174,0,0,0,333,0.42260869565217396,0,0,0
LTP299,2,15,14,POWDER,0,0.8340861346543118,-0.041700318391013846,424,0.2643478260869565,0,0,0,371,0.35652173913043483,0,0,0
LTP299,2,15,15,LIPSTICK,0,0.8722333311856761,0.0031917153556476198,149,0.7426086956521739,0,0,0,281,0.5130434782608695,0,0,0
LTP299,2,15,16,COUSIN,0,0.8659877852795088,-0.12159528893542665,200,0.6539130434782608,0,0,0,512,0.111304347826087,0,0,0
LTP299,2,15,17,TWEEZERS,1,0.841141434709966,0.03586173327429436,393,0.3182608695652174,0,0,0,209,0.6382608695652174,0,0,0
LTP299,2,15,18,ROCKET,0,0.8909868265742827,-0.14141083996463938,26,0.9565217391304348,0,0,0,518,0.10086956521739132,0,0,0
LTP299,2,15,19,DONKEY,0,0.8927447901140961,0.035176050567278586,21,0.9652173913043478,0,0,0,218,0.6226086956521739,0,0,0
LTP299,2,15,20,FOREHEAD,0,0.8308505991072672,0.16813377000904162,442,0.23304347826086957,0,0,0,33,0.9443478260869566,0,0,0
LTP299,2,15,21,WHISKERS,1,0.8732106547119719,0.011468426681474084,144,0.751304347826087,0,0,0,250,0.5669565217391304,0,0,0
LTP299,2,15,22,SERVER,1,0.8192366845224638,0.006480211881395953,481,0.16521739130434787,0,0,0,284,0.5078260869565218,0,0,0
LTP299,2,15,23,PARSLEY,1,0.8761062863307723,0.16201566198029652,109,0.8121739130434783,0,0,0,39,0.9339130434782609,0,0,0
LTP299,2,15,24,TURNIP,1,0.8941245378771591,0.0037412523156804553,13,0.9791304347826086,0,0,0,301,0.4782608695652174,0,0,0
LTP299,2,16,1,DRINK,1,0.8157600370280692,-0.04561587691847363,486,0.15652173913043477,0,0,0,364,0.3686956521739131,0,0,0
LTP299,2,16,2,EGYPT,1,0.8486563781641794,0.02248176236384074,323,0.43999999999999995,0,0,0,218,0.6226086956521739,0,0,0
LTP299,2,16,3,TEMPLE,1,0.8712960327118778,-0.10378371350922513,134,0.768695652173913,0,0,0,492,0.1460869565217391,0,0,0
LTP299,2,16,4,SHOULDER,1,0.8714978473790356,0.021808462196696216,142,0.7547826086956522,0,0,0,223,0.6139130434782609,0,0,0
LTP299,2,16,5,EAGLE,1,0.8471155342307256,0.11204397842350781,335,0.4191304347826087,0,0,0,86,0.8521739130434782,0,0,0
LTP299,2,16,6,PLATE,0,0.7828958406288034,-0.10246745473767077,562,0.024347826086956514,0,0,0,474,0.17739130434782613,0,0,0
LTP299,2,16,7,OUTDOORS,0,0.824809335595595,0.04273226947631712,460,0.20173913043478264,0,0,0,172,0.702608695652174,0,0,0
LTP299,2,16,8,PISTOL,1,0.8652964846913417,-0.0976061945789208,190,0.671304347826087,0,0,0,472,0.18086956521739128,0,0,0
LTP299,2,16,9,OUTLAW,1,0.8750488192591199,-0.0075152201763078585,100,0.8278260869565217,0,0,0,285,0.5060869565217392,0,0,0
LTP299,2,16,10,BANQUET,0,0.8759167822733649,-0.16662193229074526,90,0.8452173913043478,0,0,0,559,0.029565217391304355,0,0,0
LTP299,2,16,11,DRESSER,0,0.8517390302249469,0.10240903763399414,294,0.49043478260869566,0,0,0,97,0.8330434782608696,0,0,0
LTP299,2,16,12,PASTA,0,0.8632502514827851,0.042232540297268355,203,0.6486956521739131,0,0,0,202,0.6504347826086956,0,0,0
LTP299,2,16,13,WAITRESS,1,0.8463719125392988,0.08365505924892035,340,0.4104347826086957,0,0,0,106,0.817391304347826,0,0,0
LTP299,2,16,14,HAND,0,0.8189952378856231,-0.007659656394795013,473,0.1791304347826087,0,0,0,292,0.4939130434782608,0,0,0
LTP299,2,16,15,GLASS,0,0.8597125101547307,0.12971930691972677,232,0.5982608695652174,0,0,0,60,0.8973913043478261,0,0,0
LTP299,2,16,16,COBRA,1,0.7998370936134581,-0.14568288196190887,519,0.09913043478260875,0,0,0,537,0.0678260869565217,0,0,0
LTP299,2,16,17,CAFE,1,0.8044746956637993,-0.10708275661588852,509,0.11652173913043473,0,0,0,492,0.1460869565217391,0,0,0
LTP299,2,16,18,HOSTESS,1,0.8341923195436114,0.06351451130498513,418,0.2747826086956522,0,0,0,150,0.7408695652173913,0,0,0
LTP299,2,16,19,FRIAR,1,0.8502687142558947,0.014635740980551017,305,0.471304347826087,0,0,0,231,0.6,0,0,0
LTP299,2,16,20,CHURCH,1,0.8008165244668471,-0.024995358758705163,523,0.09217391304347822,0,0,0,333,0.42260869565217396,0,0,0
LTP299,2,16,21,SWAMP,0,0.7662734947501347,-0.08384833156277019,571,0.008695652173912993,0,0,0,475,0.17565217391304344,0,0,0
LTP299,2,16,22,FLOWER,0,0.8819794012203411,0.03105921772740437,61,0.8956521739130435,0,0,0,187,0.6765217391304348,0,0,0
LTP299,2,16,23,LUNCH,0,0.8140713730952913,0.05894419317667988,485,0.15826086956521734,0,0,0,175,0.6973913043478261,0,0,0
LTP299,2,16,24,ELBOW,0,0.8530553432632126,-0.007719140335569953,289,0.49913043478260866,0,0,0,286,0.5043478260869565,0,0,0
LTP299,2,17,1,BURGLAR,1,0.8715897128818108,-0.06015871230887737,66,0.8869565217391304,0,0,0,378,0.3443478260869566,0,0,0
LTP299,2,17,2,ROBBER,1,0.8301330685118506,0.01784816810636356,411,0.28695652173913044,0,0,0,223,0.6139130434782609,0,0,0
LTP299,2,17,3,FIREPLACE,1,0.8648571552981674,-0.10170048160235816,136,0.7652173913043478,0,0,0,463,0.1965217391304348,0,0,0
LTP299,2,17,4,GRAVE,1,0.7914511069229629,0.08920924863193536,544,0.055652173913043446,0,0,0,117,0.7982608695652174,0,0,0
LTP299,2,17,5,OMELET,1,0.854421540623916,0.1426465713198427,254,0.56,0,0,0,69,0.8817391304347826,0,0,0
LTP299,2,17,6,MARKET,0,0.8456498956241133,-0.100036561912222,312,0.45913043478260873,0,0,0,460,0.20173913043478264,0,0,0
LTP299,2,17,7,TART,0,0.8380128770408494,0.17173859899715188,386,0.33043478260869563,0,0,0,47,0.92,0,0,0
LTP299,2,17,8,LEADER,0,0.808045871288314,-0.1794859208120691,506,0.12173913043478257,0,0,0,540,0.06260869565217386,0,0,0
LTP299,2,17,9,TORTOISE,1,0.8823496849086939,-0.05846178618385151,29,0.951304347826087,0,0,0,378,0.3443478260869566,0,0,0
LTP299,2,17,10,BIKE,1,0.8594664408619331,-0.16299310350949053,225,0.6104347826086957,0,0,0,536,0.06956521739130439,0,0,0
LTP299,2,17,11,VIRUS,1,0.8189296423239075,0.07248742888426682,475,0.17565217391304344,0,0,0,118,0.7965217391304348,0,0,0
LTP299,2,17,12,XEROX,1,0.85370066630738,-0.04962305194050233,258,0.5530434782608695,0,0,0,360,0.3756521739130435,0,0,0
LTP299,2,17,13,ROD,1,0.8531721525411484,0.2238700723506107,274,0.5252173913043479,0,0,0,20,0.9669565217391305,0,0,0
LTP299,2,17,14,BACON,1,0.7988260115587225,0.02360271443406325,532,0.07652173913043481,0,0,0,220,0.6191304347826088,0,0,0
LTP299,2,17,15,HEART,1,0.8647069014763338,-0.09474826809954366,179,0.6904347826086956,0,0,0,455,0.21043478260869564,0,0,0
LTP299,2,17,16,LIVER,1,0.8273349585536369,0.17566897875176404,451,0.21739130434782605,0,0,0,41,0.9304347826086956,0,0,0
LTP299,2,17,17,MARS,1,0.842937967257492,0.16564290588451763,352,0.38956521739130434,0,0,0,54,0.9078260869565218,0,0,0
LTP299,2,17,18,PICNIC,0,0.8244694850187898,-0.08649153821983314,451,0.21739130434782605,0,0,0,425,0.26260869565217393,0,0,0
LTP299,2,17,19,SPHINX,1,0.8471362534867424,-0.2599292922429147,319,0.4469565217391305,0,0,0,575,0.0017391304347825765,0,0,0
LTP299,2,17,20,HATCHET,1,0.8481386890171781,-0.09853650690538093,312,0.45913043478260873,0,0,0,448,0.2226086956521739,0,0,0
LTP299,2,17,21,DONOR,1,0.8310865166295333,0.018496198466402946,434,0.2469565217391304,0,0,0,231,0.6,0,0,0
LTP299,2,17,22,CHEST,0,0.8108024305663833,-0.07934161972701863,507,0.12,0,0,0,404,0.2991304347826087,0,0,0
LTP299,2,17,23,TRIBE,1,0.8608319979792843,-0.0745633930769379,209,0.6382608695652174,0,0,0,407,0.29391304347826086,0,0,0
LTP299,2,17,24,RATTLE,1,0.8725085977881171,-0.013142907449106497,111,0.808695652173913,0,0,0,299,0.48173913043478256,0,0,0
LTP299,2,18,1,LETTUCE,1,0.8788305456192343,-0.045893609293916414,86,0.8521739130434782,0,0,0,387,0.32869565217391306,0,0,0
LTP299,2,18,2,SHOVEL,1,0.892248821176668,-0.0549119459061315,12,0.9808695652173913,0,0,0,378,0.3443478260869566,0,0,0
LTP299,2,18,3,SAUSAGE,1,0.8277447308221503,0.004077146185518302,449,0.22086956521739132,0,0,0,271,0.5304347826086957,0,0,0
LTP299,2,18,4,SUPPER,1,0.7986626091138374,0.053514002534769414,529,0.08173913043478265,0,0,0,168,0.7095652173913043,0,0,0
LTP299,2,18,5,CONTRACT,0,0.8075469369879262,-0.019912933688998123,519,0.09913043478260875,0,0,0,312,0.45913043478260873,0,0,0
LTP299,2,18,6,GARLIC,0,0.8620312532502657,0.05315728901610631,215,0.6278260869565218,0,0,0,171,0.7043478260869565,0,0,0
LTP299,2,18,7,CUSTARD,0,0.872864831912172,0.012295895283997466,130,0.7756521739130435,0,0,0,246,0.5739130434782609,0,0,0
LTP299,2,18,8,PUDDING,0,0.8710468498146038,-0.10130137489031632,131,0.7739130434782608,0,0,0,462,0.19826086956521738,0,0,0
LTP299,2,18,9,BEEF,1,0.8015286411059541,-0.11095573291194007,527,0.0852173913043478,0,0,0,496,0.13913043478260867,0,0,0
LTP299,2,18,10,MISSILE,0,0.8466039607947632,0.015045477688149367,342,0.40695652173913044,0,0,0,262,0.5460869565217391,0,0,0
LTP299,2,18,11,DINER,1,0.8036012072555165,0.14825567611679663,524,0.09043478260869564,0,0,0,43,0.9269565217391305,0,0,0
LTP299,2,18,12,PALACE,0,0.8604974131188188,0.009542257935139685,237,0.5895652173913044,0,0,0,262,0.5460869565217391,0,0,0
LTP299,2,18,13,PIZZA,0,0.8391692034730344,0.08761076971819402,385,0.3321739130434782,0,0,0,106,0.817391304347826,0,0,0
LTP299,2,18,14,HORNET,0,0.8673187385710471,-0.05402537935862761,186,0.6782608695652175,0,0,0,388,0.3269565217391305,0,0,0
LTP299,2,18,15,LADY,1,0.7954338211160061,-0.08684625706170505,534,0.07304347826086954,0,0,0,464,0.19478260869565223,0,0,0
LTP299,2,18,16,CABBAGE,1,0.8431742117034776,0.021313602699929084,362,0.37217391304347824,0,0,0,235,0.5930434782608696,0,0,0
LTP299,2,18,17,FARMER,1,0.8186304241757499,0.05665639246123728,487,0.1547826086956522,0,0,0,154,0.7339130434782608,0,0,0
LTP299,2,18,18,GROUND,1,0.8159580143134829,-0.1545986023016992,492,0.1460869565217391,0,0,0,524,0.09043478260869564,0,0,0
LTP299,2,18,19,SALAD,0,0.8615917031062803,-0.02365628188459992,228,0.6052173913043478,0,0,0,335,0.4191304347826087,0,0,0
LTP299,2,18,20,DRESS,1,0.8710162753156585,0.02531871443530825,141,0.7565217391304347,0,0,0,242,0.5808695652173913,0,0,0
LTP299,2,18,21,TRACTOR,1,0.8405585777071347,-0.026338234427860163,383,0.3356521739130435,0,0,0,325,0.4365217391304348,0,0,0
LTP299,2,18,22,CUPBOARD,1,0.8823409366858972,0.002783370795549011,50,0.9147826086956522,0,0,0,269,0.5339130434782609,0,0,0
LTP299,2,18,23,JEANS,1,0.8666767700484435,0.00895204686506731,172,0.702608695652174,0,0,0,254,0.56,0,0,0
LTP299,2,18,24,JUDGE,1,0.8288190276398543,0.06584849638140114,447,0.22434782608695647,0,0,0,134,0.768695652173913,0,0,0
LTP299,2,19,1,LOVER,1,0.7830689548143273,-0.18964982358421842,560,0.02782608695652178,0,0,0,561,0.02608695652173909,0,0,0
LTP299,2,19,2,INMATE,1,0.8488808372007121,-0.056392319322226485,323,0.43999999999999995,0,0,0,410,0.288695652173913,0,0,0
LTP299,2,19,3,ULCER,1,0.8461196243333012,-0.035110467814579126,338,0.41391304347826086,0,0,0,363,0.37043478260869567,0,0,0
LTP299,2,19,4,FRANCE,0,0.8504501306893113,-0.07012524790825603,314,0.45565217391304347,0,0,0,428,0.2573913043478261,0,0,0
LTP299,2,19,5,PLASTER,1,0.8079430746971175,0.07252932914208064,505,0.12347826086956526,0,0,0,120,0.7930434782608695,0,0,0
LTP299,2,19,6,BLUEPRINT,1,0.9064315554987185,0.06680893321122829,1,1.0,1,1,1,160,0.7234782608695652,0,0,0
LTP299,2,19,7,GARBAGE,1,0.8851621746131084,0.10383366305920462,53,0.9095652173913044,0,0,0,93,0.84,0,0,0
LTP299,2,19,8,MAILMAN,1,0.8863273602667195,0.07673047101114132,48,0.9182608695652174,0,0,0,115,0.8017391304347826,0,0,0
LTP299,2,19,9,LADDER,0,0.8297889657715755,-0.04281345776598048,439,0.23826086956521741,0,0,0,385,0.3321739130434782,0,0,0
LTP299,2,19,10,RAFT,1,0.8579644230461039,-0.1805638821880061,256,0.5565217391304348,0,0,0,557,0.03304347826086962,0,0,0
LTP299,2,19,11,CASKET,1,0.8953358840209701,0.08251290326499665,6,0.991304347826087,0,0,1,106,0.817391304347826,0,0,0
LTP299,2,19,12,GUITAR,1,0.7707526744186375,0.07424612175239155,570,0.01043478260869568,0,0,0,146,0.7478260869565218,0,0,0
LTP299,2,19,13,MUFFIN,0,0.8612077694959587,-0.013852376372966662,234,0.5947826086956522,0,0,0,302,0.47652173913043483,0,0,0
LTP299,2,19,14,SCARECROW,0,0.8856538992496898,-0.06428963218465686,36,0.9391304347826087,0,0,0,402,0.30260869565217396,0,0,0
LTP299,2,19,15,SALMON,1,0.8478059953435627,0.023093210178900557,331,0.4260869565217391,0,0,0,230,0.6017391304347826,0,0,0
LTP299,2,19,16,MESSAGE,0,0.8498033407629536,0.13812048972721722,315,0.4539130434782609,0,0,0,51,0.9130434782608696,0,0,0
LTP299,2,19,17,CROSS,0,0.8683107489339323,-0.0844990134759412,166,0.7130434782608696,0,0,0,445,0.22782608695652173,0,0,0
LTP299,2,19,18,CHAPEL,0,0.8345456023473021,-0.0630015820488323,416,0.27826086956521734,0,0,0,417,0.27652173913043476,0,0,0
LTP299,2,19,19,BUBBLE,0,0.8659485226053738,-0.08864861281922654,189,0.6730434782608696,0,0,0,451,0.21739130434782605,0,0,0
LTP299,2,19,20,MARINE,1,0.8646971863614098,0.11183946914049804,209,0.6382608695652174,0,0,0,84,0.8556521739130435,0,0,0
LTP299,2,19,21,STAMP,1,0.8044756803288998,-0.02306161126283247,515,0.10608695652173916,0,0,0,323,0.43999999999999995,0,0,0
LTP299,2,19,22,CONVICT,1,0.8264246129943016,0.04294121892335827,452,0.21565217391304348,0,0,0,203,0.6486956521739131,0,0,0
LTP299,2,19,23,JURY,1,0.8372474763722958,0.01944544571140401,408,0.2921739130434783,0,0,0,243,0.5791304347826087,0,0,0
LTP299,2,19,24,PISTON,1,0.8762885042468808,-0.009160417483231017,107,0.8156521739130435,0,0,0,301,0.4782608695652174,0,0,0
LTP299,2,20,1,SUNRISE,1,0.8915609583335093,-0.08210425687633705,16,0.9739130434782609,0,0,0,433,0.2486956521739131,0,0,0
LTP299,2,20,2,BANK,1,0.8723382529661203,0.13013105647878673,157,0.728695652173913,0,0,0,68,0.8834782608695653,0,0,0
LTP299,2,20,3,BRANDY,1,0.8743829928859411,0.018718219831906826,127,0.7808695652173914,0,0,0,239,0.5860869565217391,0,0,0
LTP299,2,20,4,SIDEWALK,0,0.8781254071106026,0.048502088202980416,98,0.831304347826087,0,0,0,190,0.671304347826087,0,0,0
LTP299,2,20,5,SHRUB,1,0.8531568997724877,-0.10791618961886082,303,0.47478260869565214,0,0,0,479,0.16869565217391302,0,0,0
LTP299,2,20,6,GARDEN,0,0.850441830315971,0.07704527466709502,316,0.4521739130434783,0,0,0,146,0.7478260869565218,0,0,0
LTP299,2,20,7,MAILBOX,1,0.8722721182205597,0.16618942782671697,153,0.7356521739130435,0,0,0,26,0.9565217391304348,0,0,0
LTP299,2,20,8,FLUTE,0,0.8200151762240093,-0.2347534709695082,477,0.1721739130434783,0,0,0,574,0.003478260869565264,0,0,0
LTP299,2,20,9,CHIPMUNK,1,0.8810248181977942,-0.0017027277777098761,77,0.8678260869565217,0,0,0,276,0.5217391304347826,0,0,0
LTP299,2,20,10,SUNSET,1,0.8437376628142461,-0.13501438892097728,366,0.3652173913043478,0,0,0,504,0.12521739130434784,0,0,0
LTP299,2,20,11,CIGAR,1,0.8598151993899895,-0.030655848825524672,236,0.5913043478260869,0,0,0,352,0.38956521739130434,0,0,0
LTP299,2,20,12,FOX,1,0.7981603528338467,-0.022974515045175826,539,0.06434782608695655,0,0,0,347,0.39826086956521745,0,0,0
LTP299,2,20,13,BACKBONE,1,0.8946655002966674,0.18603351258530154,12,0.9808695652173913,0,0,0,18,0.9704347826086956,0,0,0
LTP299,2,20,14,SPACE,0,0.7810014009792544,0.07163543480628083,564,0.02086956521739125,0,0,0,132,0.7721739130434783,0,0,0
LTP299,2,20,15,BODY,0,0.751895948991839,0.07447547805876695,575,0.0017391304347825765,0,0,0,125,0.7843478260869565,0,0,0
LTP299,2,20,16,MOP,0,0.7904827642572066,-0.11789984423866184,550,0.045217391304347876,0,0,0,502,0.128695652173913,0,0,0
LTP299,2,20,17,DUSTPAN,0,0.8726281707884272,-0.03786947210247349,145,0.7495652173913043,0,0,0,382,0.33739130434782605,0,0,0
LTP299,2,20,18,PANTHER,1,0.8599811250408494,0.12879383153470259,247,0.5721739130434782,0,0,0,71,0.8782608695652174,0,0,0
LTP299,2,20,19,OX,1,0.7893954073664253,-0.14939585183033982,553,0.040000000000000036,0,0,0,526,0.08695652173913049,0,0,0
LTP299,2,20,20,COLONEL,1,0.8752762617228426,0.02104029520491158,119,0.7947826086956522,0,0,0,238,0.5878260869565217,0,0,0
LTP299,2,20,21,CLOTHES,0,0.8727314213445607,0.06492593234955425,140,0.7582608695652174,0,0,0,158,0.7269565217391305,0,0,0
LTP299,2,20,22,BUREAU,1,0.8466001807152408,0.0027297139888464643,344,0.4034782608695652,0,0,0,280,0.5147826086956522,0,0,0
LTP299,2,20,23,BRACES,1,0.8655413233882738,0.043718362422812435,199,0.6556521739130434,0,0,0,195,0.662608695652174,0,0,0
LTP299,2,20,24,SCISSORS,1,0.8242525242928669,0.012138687803592032,465,0.19304347826086954,0,0,0,256,0.5565217391304348,0,0,0
LTP299,2,21,1,CATTLE,1,0.8946704311980825,0.0024882035903263,12,0.9808695652173913,0,0,0,270,0.5321739130434783,0,0,0
LTP299,2,21,2,SPIDER,1,0.8627958173873649,-0.14528716819506768,218,0.6226086956521739,0,0,0,499,0.13391304347826083,0,0,0
LTP299,2,21,3,SPARROW,1,0.8351147747258368,-0.017755273414371248,423,0.2660869565217391,0,0,0,325,0.4365217391304348,0,0,0
LTP299,2,21,4,PARROT,0,0.8557071485362386,0.11813538660529423,280,0.5147826086956522,0,0,0,96,0.8347826086956522,0,0,0
LTP299,2,21,5,PAIL,1,0.846998216562543,-0.16570279977036703,341,0.408695652173913,0,0,0,525,0.08869565217391306,0,0,0
LTP299,2,21,6,LACE,1,0.8120636058478694,-0.1616679922940728,502,0.128695652173913,0,0,0,521,0.09565217391304348,0,0,0
LTP299,2,21,7,SKIRT,0,0.8460942045813792,-0.1951178368511317,343,0.40521739130434786,0,0,0,532,0.07652173913043481,0,0,0
LTP299,2,21,8,RACKET,0,0.8892675798823697,0.013412612252329878,33,0.9443478260869566,0,0,0,258,0.5530434782608695,0,0,0
LTP299,2,21,9,ARM,0,0.8322323703507223,0.11369884231285825,439,0.23826086956521741,0,0,0,88,0.8486956521739131,0,0,0
LTP299,2,21,10,BREAST,1,0.8703292518814674,0.011273862297019885,164,0.7165217391304348,0,0,0,284,0.5078260869565218,0,0,0
LTP299,2,21,11,CONCERT,0,0.8123703258336102,0.040562010765636425,500,0.13217391304347825,0,0,0,207,0.6417391304347826,0,0,0
LTP299,2,21,12,ATOM,0,0.784087500964662,0.08661717279240229,561,0.02608695652173909,0,0,0,140,0.7582608695652174,0,0,0
LTP299,2,21,13,NOTEBOOK,0,0.7952297759615328,0.032800835513248416,542,0.05913043478260871,0,0,0,230,0.6017391304347826,0,0,0
LTP299,2,21,14,BUG,1,0.8308669701647845,-0.12282219558387941,442,0.23304347826086957,0,0,0,481,0.16521739130434787,0,0,0
LTP299,2,21,15,NOMAD,0,0.8181585885174808,0.0891560010121119,484,0.16000000000000003,0,0,0,129,0.7773913043478261,0,0,0
LTP299,2,21,16,HUMAN,1,0.8233612392805543,0.10948531230695877,475,0.17565217391304344,0,0,0,114,0.8034782608695652,0,0,0
LTP299,2,21,17,PATROL,1,0.8649321632450385,0.1142409669714023,202,0.6504347826086956,0,0,0,106,0.817391304347826,0,0,0
LTP299,2,21,18,QUARTER,0,0.8447956410839684,0.01247006738819405,364,0.3686956521739131,0,0,0,246,0.5739130434782609,0,0,0
LTP299,2,21,19,TERMITE,1,0.8854360802860151,0.060362932418142,53,0.9095652173913044,0,0,0,179,0.6904347826086956,0,0,0
LTP299,2,21,20,CHEMIST,0,0.8835821175975102,0.06576875267660938,60,0.8973913043478261,0,0,0,185,0.6799999999999999,0,0,0
LTP299,2,21,21,TOASTER,0,0.8469802503040202,0.10078687044234787,333,0.42260869565217396,0,0,0,117,0.7982608695652174,0,0,0
LTP299,2,21,22,EUROPE,1,0.7881333532749495,0.160767224951675,554,0.03826086956521735,0,0,0,55,0.9060869565217391,0,0,0
LTP299,2,21,23,BUTCHER,1,0.8424463464066821,0.04385776007005649,374,0.351304347826087,0,0,0,199,0.6556521739130434,0,0,0
LTP299,2,21,24,KITCHEN,1,0.8768158569307954,-0.06728991644416904,107,0.8156521739130435,0,0,0,394,0.3165217391304348,0,0,0
LTP299,2,22,1,CORAL,1,0.843396918151114,-0.012607207553490402,374,0.351304347826087,0,0,0,316,0.4521739130434783,0,0,0
LTP299,2,22,2,ANTLER,1,0.8689579453964055,0.189766626364022,178,0.6921739130434783,0,0,0,25,0.9582608695652174,0,0,0
LTP299,2,22,3,BEAKER,1,0.8515287127338209,-0.14511142543079736,310,0.4626086956521739,0,0,0,513,0.10956521739130431,0,0,0
LTP299,2,22,4,POCKET,0,0.8571476717282545,-0.0014063551438653025,268,0.5356521739130435,0,0,0,295,0.4886956521739131,0,0,0
LTP299,2,22,5,TWISTER,1,0.8512588486047096,-0.04482564241513071,307,0.4678260869565217,0,0,0,373,0.35304347826086957,0,0,0
LTP299,2,22,6,TEACHER,1,0.8488011291065316,0.13430926851858668,328,0.43130434782608695,0,0,0,83,0.8573913043478261,0,0,0
LTP299,2,22,7,DANDRUFF,0,0.8864695700924257,-0.1773970314887357,55,0.9060869565217391,0,0,0,528,0.08347826086956522,0,0,0
LTP299,2,22,8,KNAPSACK,1,0.8433416216468629,-0.11806001949382405,371,0.35652173913043483,0,0,0,480,0.16695652173913045,0,0,0
LTP299,2,22,9,CRITIC,1,0.8158810908619905,-0.060311201910560344,491,0.14782608695652177,0,0,0,393,0.3182608695652174,0,0,0
LTP299,2,22,10,ACTRESS,1,0.8804037302703143,0.014424532527496097,86,0.8521739130434782,0,0,0,267,0.537391304347826,0,0,0
LTP299,2,22,11,STUDENT,0,0.8376300538457926,0.10077634698410422,413,0.2834782608695652,0,0,0,122,0.7895652173913044,0,0,0
LTP299,2,22,12,STALLION,0,0.8635075189127902,0.10640758261411937,223,0.6139130434782609,0,0,0,107,0.8156521739130435,0,0,0
LTP299,2,22,13,BISON,0,0.871134155304632,0.1206502424730095,167,0.711304347826087,0,0,0,98,0.831304347826087,0,0,0
LTP299,2,22,14,PARTNER,1,0.8557489799442659,0.1680429920552953,279,0.5165217391304349,0,0,0,46,0.9217391304347826,0,0,0
LTP299,2,22,15,BELLY,1,0.8722336397388761,-0.13738952987932626,156,0.7304347826086957,0,0,0,520,0.09739130434782606,0,0,0
LTP299,2,22,16,STOMACH,1,0.8236708196171149,-0.014501609505027265,469,0.18608695652173912,0,0,0,297,0.4852173913043478,0,0,0
LTP299,2,22,17,SHORTS,0,0.813686645482318,-0.16227193090437458,498,0.13565217391304352,0,0,0,525,0.08869565217391306,0,0,0
LTP299,2,22,18,BLENDER,0,0.8989979651854066,0.014232183000661551,3,0.9965217391304347,0,1,1,264,0.5426086956521738,0,0,0
LTP299,2,22,19,POLICE,1,0.8314698147087602,-0.031236112576846203,440,0.23652173913043473,0,0,0,338,0.41391304347826086,0,0,0
LTP299,2,22,20,COSTUME,1,0.8725730828095927,0.05094248043429162,155,0.7321739130434783,0,0,0,210,0.6365217391304347,0,0,0
LTP299,2,22,21,MONSTER,0,0.851659448602316,-0.0848202973664667,310,0.4626086956521739,0,0,0,433,0.2486956521739131,0,0,0
LTP299,2,22,22,THIEF,0,0.8431387936965883,0.004211463808855322,373,0.35304347826086957,0,0,0,278,0.5182608695652173,0,0,0
LTP299,2,22,23,ONION,0,0.824507803237755,0.24069940810683993,472,0.18086956521739128,0,0,0,6,0.991304347826087,0,0,1
LTP299,2,22,24,COUNTY,0,0.845331212541306,0.11754673052143932,363,0.37043478260869567,0,0,0,87,0.8504347826086956,0,0,0
LTP299,2,23,1,COTTAGE,1,0.8768383765630254,0.07261120028297022,112,0.8069565217391305,0,0,0,138,0.7617391304347826,0,0,0
LTP299,2,23,2,BUCKET,1,0.8678595913396527,0.0195488349697256,193,0.6660869565217391,0,0,0,263,0.5443478260869565,0,0,0
LTP299,2,23,3,BROOK,1,0.8417209945731852,-0.07937593584678537,379,0.3426086956521739,0,0,0,420,0.2713043478260869,0,0,0
LTP299,2,23,4,AIRPORT,1,0.8470826473991464,0.11209623874725029,340,0.4104347826086957,0,0,0,81,0.8608695652173913,0,0,0
LTP299,2,23,5,GALLON,0,0.8418922269387521,-0.007159664215262861,378,0.3443478260869566,0,0,0,308,0.46608695652173915,0,0,0
LTP299,2,23,6,LILY,1,0.805021938637133,-0.089430157198287,513,0.10956521739130431,0,0,0,439,0.23826086956521741,0,0,0
LTP299,2,23,7,TUTU,1,0.8033120879136691,0.0361669298604137,517,0.1026086956521739,0,0,0,216,0.6260869565217391,0,0,0
LTP299,2,23,8,BOX,1,0.7649229682455193,0.006789756887443109,574,0.003478260869565264,0,0,0,270,0.5321739130434783,0,0,0
LTP299,2,23,9,LUMBER,1,0.8784512315314371,-0.11762239236959511,96,0.8347826086956522,0,0,0,484,0.16000000000000003,0,0,0
LTP299,2,23,10,PADDLE,0,0.8718221277180223,-0.04938820608252627,158,0.7269565217391305,0,0,0,374,0.351304347826087,0,0,0
LTP299,2,23,11,REPORT,1,0.8036616402410293,-0.02721715021157417,516,0.10434782608695647,0,0,0,338,0.41391304347826086,0,0,0
LTP299,2,23,12,FLAG,0,0.7837486120330701,-0.10769396186460974,553,0.040000000000000036,0,0,0,481,0.16521739130434787,0,0,0
LTP299,2,23,13,SNAKE,1,0.8832091283451771,-0.2505603593272184,59,0.8991304347826087,0,0,0,570,0.01043478260869568,0,0,0
LTP299,2,23,14,SUITCASE,1,0.8482589888128016,-0.009864284649037868,332,0.42434782608695654,0,0,0,310,0.4626086956521739,0,0,0
LTP299,2,23,15,TOURIST,1,0.8692803295732421,0.1750356136158662,181,0.6869565217391305,0,0,0,39,0.9339130434782609,0,0,0
LTP299,2,23,16,POSSUM,1,0.8451044890274176,0.0552007406441562,359,0.3773913043478261,0,0,0,176,0.6956521739130435,0,0,0
LTP299,2,23,17,HANDBAG,0,0.8720198960578637,0.00789669662108924,150,0.7408695652173913,0,0,0,278,0.5182608695652173,0,0,0
LTP299,2,23,18,VIKING,1,0.8112920448546902,-0.03672973477202832,500,0.13217391304347825,0,0,0,340,0.4104347826086957,0,0,0
LTP299,2,23,19,FOOTBALL,0,0.8489744612936778,0.16042664352070962,335,0.4191304347826087,0,0,0,27,0.9547826086956521,0,0,0
LTP299,2,23,20,GIFT,0,0.8410984716163628,-0.10913189476998204,382,0.33739130434782605,0,0,0,486,0.15652173913043477,0,0,0
LTP299,2,23,21,CRAYON,0,0.8936428945526859,-0.05356768790235894,22,0.9634782608695652,0,0,0,376,0.34782608695652173,0,0,0
LTP299,2,23,22,PLAID,0,0.8083744281161961,0.012519575487229656,510,0.11478260869565216,0,0,0,255,0.5582608695652174,0,0,0
LTP299,2,23,23,UMPIRE,1,0.8608681235656065,0.10123408147174813,239,0.5860869565217391,0,0,0,77,0.8678260869565217,0,0,0
LTP299,2,23,24,PLAZA,0,0.7949489414254677,0.02191829979512629,538,0.06608695652173913,0,0,0,221,0.6173913043478261,0,0,0
LTP299,2,24,1,WRIST,1,0.8698834392888891,-0.0192298817926143,161,0.7217391304347827,0,0,0,324,0.43826086956521737,0,0,0
LTP299,2,24,2,WORKER,0,0.8533931640809476,-0.0020761401087690565,287,0.5026086956521739,0,0,0,278,0.5182608695652173,0,0,0
LTP299,2,24,3,TYPIST,1,0.8867812394134506,0.0009851394664000435,41,0.9304347826086956,0,0,0,271,0.5304347826086957,0,0,0
LTP299,2,24,4,PECAN,0,0.8147665229269989,-0.12181633161701547,493,0.1443478260869565,0,0,0,523,0.09217391304347822,0,0,0
LTP299,2,24,5,FRUIT,0,0.8331120117816264,-0.12803677648871092,419,0.2730434782608696,0,0,0,516,0.10434782608695647,0,0,0
LTP299,2,24,6,ROBIN,0,0.8265429669348714,-0.04765956978153596,450,0.21913043478260874,0,0,0,387,0.32869565217391306,0,0,0
LTP299,2,24,7,GLOVE,0,0.8818226190772327,-0.11360109731432616,70,0.88,0,0,0,484,0.16000000000000003,0,0,0
LTP299,2,24,8,CURTAIN,0,0.8967698421100847,0.020721016756513024,5,0.9930434782608696,0,1,1,240,0.5843478260869566,0,0,0
LTP299,2,24,9,WITNESS,0,0.8164212089186147,-0.001709845480091653,481,0.16521739130434787,0,0,0,275,0.5234782608695652,0,0,0
LTP299,2,24,10,FINGER,0,0.8922560462901185,0.08337865829568646,24,0.96,0,0,0,100,0.8278260869565217,0,0,0
LTP299,2,24,11,CHAMPAGNE,0,0.8477348452828892,0.05227709197272547,327,0.43304347826086953,0,0,0,165,0.7147826086956521,0,0,0
LTP299,2,24,12,GAVEL,1,0.7767881494790333,-0.1575682377162677,556,0.034782608695652195,0,0,0,532,0.07652173913043481,0,0,0
LTP299,2,24,13,NOVEL,0,0.8253715171183192,0.030073918686047137,450,0.21913043478260874,0,0,0,206,0.6434782608695653,0,0,0
LTP299,2,24,14,STICKER,1,0.8546646354615413,-0.03586744151617889,259,0.551304347826087,0,0,0,364,0.3686956521739131,0,0,0
LTP299,2,24,15,COLLEGE,1,0.8755567326255599,0.04647356432610516,118,0.7965217391304348,0,0,0,165,0.7147826086956521,0,0,0
LTP299,2,24,16,FOOT,1,0.7902801863259129,0.07289016687419436,551,0.04347826086956519,0,0,0,109,0.8121739130434783,0,0,0
LTP299,2,24,17,PASSAGE,0,0.8595248894691289,-0.03568499502529797,228,0.6052173913043478,0,0,0,365,0.3669565217391304,0,0,0
LTP299,2,24,18,JOURNAL,0,0.8353464035770611,-0.05288878508738955,405,0.2973913043478261,0,0,0,405,0.2973913043478261,0,0,0
LTP299,2,24,19,ROOSTER,0,0.866070947808122,-0.11030545053813264,192,0.6678260869565218,0,0,0,511,0.11304347826086958,0,0,0
LTP299,2,24,20,LAVA,0,0.7786014587895967,-0.27744812891321297,554,0.03826086956521735,0,0,0,573,0.00521739130434784,0,0,0
LTP299,2,24,21,SPOUSE,1,0.8810603263763377,0.12331203040049328,74,0.8730434782608696,0,0,0,75,0.8713043478260869,0,0,0
LTP299,2,24,22,HUSBAND,1,0.8413238735236219,-0.02695668851560994,379,0.3426086956521739,0,0,0,352,0.38956521739130434,0,0,0
LTP299,2,24,23,COOK,1,0.8217634327935907,0.027317934510802125,471,0.18260869565217386,0,0,0,208,0.64,0,0,0
LTP299,2,24,24,COFFEE,1,0.869094580454216,0.023427922516776813,159,0.7252173913043478,0,0,0,219,0.6208695652173912,0,0,0
