word,row_index
ACTOR,0
ACTRESS,1
AGENT,2
AIRPLANE,3
AIRPORT,4
ANKLE,5
ANTLER,6
APPLE,7
APRON,8
ARM,9
ARMY,10
ASIA,11
ATLAS,12
ATOM,13
AUTHOR,14
AWARD,15
BABY,16
BACKBONE,17
BACON,18
BADGE,19
BALLOON,20
BANJO,21
BANK,22
BANKER,23
BANQUET,24
BARLEY,25
BARREL,26
BASEMENT,27
BATHTUB,28
BEAKER,29
BEAST,30
BEAVER,31
BEEF,32
BELLY,33
BIKE,34
BINDER,35
BISON,36
BLACKBOARD,37
BLADE,38
BLENDER,39
BLOCKADE,40
BLOUSE,41
BLUEPRINT,42
BOARD,43
BODY,44
BOUQUET,45
BOX,46
BOYFRIEND,47
BRACES,48
BRAKE,49
BRANCH,50
BRANDY,51
BREAST,52
BRICK,53
BRIEFCASE,54
BROOK,55
BROTHER,56
BUBBLE,57
BUCKET,58
BUG,59
BUGGY,60
BULLET,61
BUNNY,62
BUREAU,63
BURGLAR,64
BUTCHER,65
CABBAGE,66
CABIN,67
CAFE,68
CAMEL,69
CANAL,70
CANDY,71
CANYON,72
CAPTIVE,73
CARRIAGE,74
CARROT,75
CASHEW,76
CASHIER,77
CASKET,78
CATCHER,79
CATTLE,80
CEILING,81
CELLAR,82
CHAMPAGNE,83
CHAPEL,84
CHAUFFEUR,85
CHEMIST,86
CHEST,87
CHILD,88
CHIPMUNK,89
CHURCH,90
CIGAR,91
CITRUS,92
CLAM,93
CLAMP,94
CLIMBER,95
CLOCK,96
CLOTHES,97
CLOUD,98
COBRA,99
COCKTAIL,100
COCOON,101
COD,102
COFFEE,103
COIN,104
COLLEGE,105
COLONEL,106
COMET,107
COMPASS,108
CONCERT,109
CONTRACT,110
CONVICT,111
COOK,112
COOKBOOK,113
CORAL,114
COSTUME,115
COTTAGE,116
COUCH,117
COUNTRY,118
COUNTY,119
COURSE,120
COUSIN,121
COWBOY,122
CRAB,123
CRATER,124
CRAYON,125
CREATURE,126
CREVICE,127
CRIB,128
CRICKET,129
CRITIC,130
CROSS,131
CROWN,132
CRUTCH,133
CUPBOARD,134
CURTAIN,135
CUSTARD,136
CYCLONE,137
DAISY,138
DANCER,139
DANDRUFF,140
DASHBOARD,141
DAUGHTER,142
DENIM,143
DENTIST,144
DIME,145
DINER,146
DIVER,147
DOLPHIN,148
DONKEY,149
DONOR,150
DORM,151
DOUGHNUT,152
DRAGON,153
DRAWING,154
DRESS,155
DRESSER,156
DRILL,157
DRINK,158
DRIVER,159
DRUG,160
DUST,161
DUSTPAN,162
EAGLE,163
EGYPT,164
ELBOW,165
EMPIRE,166
EUROPE,167
EXPERT,168
EYELASH,169
FARMER,170
FEMALE,171
FIDDLE,172
FILM,173
FINGER,174
FIREMAN,175
FIREPLACE,176
FLAG,177
FLASHLIGHT,178
FLASK,179
FLEET,180
FLESH,181
FLIPPER,182
FLOWER,183
FLUTE,184
FOOT,185
FOOTBALL,186
FOREHEAD,187
FOREST,188
FOX,189
FRAGRANCE,190
FRAME,191
FRANCE,192
FRECKLE,193
FREEZER,194
FRIAR,195
FRIEND,196
FRUIT,197
FUNGUS,198
GALLON,199
GANGSTER,200
GARBAGE,201
GARDEN,202
GARLIC,203
GAVEL,204
GAZELLE,205
GHETTO,206
GIFT,207
GIRL,208
GLASS,209
GLOBE,210
GLOVE,211
GOBLIN,212
GRAPE,213
GRAVE,214
GRAVEL,215
GREASE,216
GRILL,217
GRIZZLY,218
GROUND,219
GUARD,220
GUITAR,221
GYMNAST,222
HAMPER,223
HAND,224
HANDBAG,225
HARP,226
HATCHET,227
HAWK,228
HEADBAND,229
HEART,230
HEDGE,231
HELMET,232
HERO,233
HIGHWAY,234
HIKER,235
HONEY,236
HOOD,237
HOOK,238
HORNET,239
HORSE,240
HOSTESS,241
HOUND,242
HUMAN,243
HUSBAND,244
ICEBERG,245
ICING,246
IDOL,247
IGLOO,248
INFANT,249
INMATE,250
ISLAND,251
ITEM,252
JAPAN,253
JEANS,254
JELLO,255
JELLY,256
JOURNAL,257
JUDGE,258
JUGGLER,259
JUNGLE,260
JURY,261
KEEPER,262
KETCHUP,263
KIDNEY,264
KITCHEN,265
KLEENEX,266
KNAPSACK,267
KNIFE,268
LABEL,269
LACE,270
LADDER,271
LADY,272
LAGOON,273
LAKE,274
LAMP,275
LAPEL,276
LASER,277
LAVA,278
LEADER,279
LEG,280
LEOPARD,281
LETTUCE,282
LIGHTNING,283
LILY,284
LION,285
LIPSTICK,286
LIVER,287
LIZARD,288
LODGE,289
LOFT,290
LONDON,291
LOVER,292
LUGGAGE,293
LUMBER,294
LUNCH,295
MACHINE,296
MAILBOX,297
MAILMAN,298
MAMMAL,299
MAPLE,300
MARINE,301
MARKER,302
MARKET,303
MARROW,304
MARS,305
MARSH,306
MASK,307
MATCH,308
MATTRESS,309
MEAT,310
MEDAL,311
MESSAGE,312
MILDEW,313
MILK,314
MISSILE,315
MISTER,316
MONEY,317
MONSTER,318
MOP,319
MOTEL,320
MOTOR,321
MUFFIN,322
MUMMY,323
MUSTARD,324
NAPKIN,325
NECKLACE,326
NEUTRON,327
NIGHTGOWN,328
NOMAD,329
NOTEBOOK,330
NOVEL,331
NURSE,332
OFFICE,333
OINTMENT,334
OMELET,335
ONION,336
ORANGE,337
ORCHID,338
OUTDOORS,339
OUTFIT,340
OUTLAW,341
OX,342
OYSTER,343
OZONE,344
PACKAGE,345
PADDING,346
PADDLE,347
PAIL,348
PALACE,349
PANTHER,350
PAPER,351
PARENT,352
PARROT,353
PARSLEY,354
PARTNER,355
PASSAGE,356
PASTA,357
PASTRY,358
PATIENT,359
PATROL,360
PEACH,361
PEANUT,362
PEBBLE,363
PECAN,364
PEDAL,365
PENGUIN,366
PEPPER,367
PERCH,368
PERFUME,369
PERMIT,370
PIANO,371
PICNIC,372
PICTURE,373
PIGEON,374
PIGMENT,375
PILOT,376
PIMPLE,377
PISTOL,378
PISTON,379
PIZZA,380
PLAID,381
PLASTER,382
PLATE,383
PLAYGROUND,384
PLAZA,385
PLIERS,386
PLUTO,387
POCKET,388
POET,389
POISON,390
POLICE,391
POPCORN,392
PORK,393
PORTRAIT,394
POSSUM,395
POSTAGE,396
POWDER,397
PREACHER,398
PRIMATE,399
PRINCE,400
PRINCESS,401
PROTON,402
PUDDING,403
PUDDLE,404
PUPIL,405
PUPPY,406
QUAIL,407
QUARTER,408
QUEEN,409
RABBIT,410
RACKET,411
RADISH,412
RAFT,413
RATTLE,414
RAZOR,415
REBEL,416
RECEIPT,417
RECORD,418
RELISH,419
REPORT,420
RIFLE,421
RIVER,422
ROBBER,423
ROBIN,424
ROBOT,425
ROCKET,426
ROD,427
ROOSTER,428
RUG,429
RUST,430
SADDLE,431
SALAD,432
SALMON,433
SALT,434
SANDWICH,435
SAUSAGE,436
SCALLOP,437
SCALPEL,438
SCARECROW,439
SCARF,440
SCISSORS,441
SCOTCH,442
SCRIBBLE,443
SCULPTURE,444
SEAFOOD,445
SEAGULL,446
SEAL,447
SERVANT,448
SERVER,449
SHARK,450
SHELF,451
SHELTER,452
SHERIFF,453
SHIRT,454
SHORTCAKE,455
SHORTS,456
SHOULDER,457
SHOVEL,458
SHRUB,459
SIBLING,460
SIDEWALK,461
SILK,462
SISTER,463
SKETCH,464
SKILLET,465
SKIRT,466
SLIDE,467
SLIME,468
SLOPE,469
SLUG,470
SMOG,471
SNACK,472
SNAIL,473
SNAKE,474
SODA,475
SOFTBALL,476
SPACE,477
SPARROW,478
SPHINX,479
SPIDER,480
SPONGE,481
SPOOL,482
SPOON,483
SPOUSE,484
STAKE,485
STALLION,486
STAMP,487
STAPLE,488
STAR,489
STATUE,490
STICKER,491
STOMACH,492
STONE,493
STOVE,494
STREAM,495
STUDENT,496
SUBWAY,497
SUITCASE,498
SUMMIT,499
SUNRISE,500
SUNSET,501
SUPPER,502
SURVEY,503
SUSPECT,504
SWAMP,505
SWIMMER,506
SWITCH,507
SWORD,508
TABLE,509
TABLET,510
TART,511
TAXI,512
TEACHER,513
TEMPLE,514
TERMITE,515
THIEF,516
THREAD,517
THRONE,518
TILE,519
TOASTER,520
TOMBSTONE,521
TORTOISE,522
TOURIST,523
TRACTOR,524
TRANSPLANT,525
TREAT,526
TRENCH,527
TRIBE,528
TROMBONE,529
TROUT,530
TRUCK,531
TUBA,532
TUNNEL,533
TURKEY,534
TURNIP,535
TURTLE,536
TUTU,537
TWEEZERS,538
TWIG,539
TWISTER,540
TYPIST,541
ULCER,542
UMPIRE,543
UNCLE,544
VAGRANT,545
VALLEY,546
VALVE,547
VELVET,548
VENUS,549
VICTIM,550
VIKING,551
VIRUS,552
WAGON,553
WAITER,554
WAITRESS,555
WARDROBE,556
WASHER,557
WASP,558
WHISKERS,559
WHISTLE,560
WIDOW,561
WIFE,562
WINDOW,563
WITNESS,564
WOMAN,565
WORKER,566
WORLD,567
WRENCH,568
WRIST,569
XEROX,570
YACHT,571
YARN,572
YOLK,573
ZEBRA,574
ZIPPER,575
