subject,session,trial,serialpos,word,recalled,embedding_fidelity
LTP269,20,1,1,SWIMMER,1,0.7836882217812605
LTP269,20,1,2,WHISTLE,1,0.8793658635825612
LTP269,20,1,3,SCULPTURE,1,0.8582540588786267
LTP269,20,1,4,EXPERT,1,0.8333282367347276
LTP269,20,1,5,SCISSORS,1,0.8142378938152313
LTP269,20,1,6,CASHIER,1,0.8713489693335306
LTP269,20,1,7,ACTRESS,1,0.8901493807019976
LTP269,20,1,8,RECEIPT,1,0.8528924300097624
LTP269,20,1,9,ARMY,0,0.8713128865481541
LTP269,20,1,10,MARINE,0,0.8559163717289535
LTP269,20,1,11,RACKET,0,0.8809194083709587
LTP269,20,1,12,PECAN,0,0.8052669205837567
LTP269,20,1,13,CASHEW,0,0.8888931682639789
LTP269,20,1,14,SKETCH,0,0.8649624736959431
LTP269,20,1,15,MATCH,0,0.841330111951221
LTP269,20,1,16,ZIPPER,0,0.7777656555261222
LTP269,20,1,17,AUTHOR,0,0.8591672354855281
LTP269,20,1,18,POSTAGE,0,0.8725177045427165
LTP269,20,1,19,BLENDER,0,0.8976282609285511
LTP269,20,1,20,BELLY,0,0.8640004868469531
LTP269,20,1,21,PLAID,0,0.7945453939292374
LTP269,20,1,22,MONEY,0,0.8298109761378749
LTP269,20,1,23,POISON,1,0.8241515459063973
LTP269,20,1,24,DRUG,0,0.8546109608237067
LTP269,20,2,1,PUPIL,0,0.8519091696667397
LTP269,20,2,2,CREVICE,0,0.8647855222575782
LTP269,20,2,3,TYPIST,0,0.8935440395307335
LTP269,20,2,4,PEACH,0,0.8442196095487763
LTP269,20,2,5,NOTEBOOK,0,0.7937874450772336
LTP269,20,2,6,FEMALE,0,0.794712901443424
LTP269,20,2,7,FOOT,0,0.7943475151007036
LTP269,20,2,8,STUDENT,0,0.8370243300625407
LTP269,20,2,9,PASTA,0,0.8625497896067841
LTP269,20,2,10,PICTURE,0,0.8329060314333128
LTP269,20,2,11,PLATE,0,0.7916289972610692
LTP269,20,2,12,ATOM,0,0.7741362024971609
LTP269,20,2,13,PROTON,1,0.8246632323466422
LTP269,20,2,14,RUG,1,0.8271122745125521
LTP269,20,2,15,TEACHER,0,0.8584648819870487
LTP269,20,2,16,HAWK,0,0.7887539772780618
LTP269,20,2,17,TRIBE,0,0.8620301858179804
LTP269,20,2,18,FOOTBALL,0,0.8409637983532883
LTP269,20,2,19,WOMAN,0,0.8511693006432116
LTP269,20,2,20,CRATER,0,0.8683628752094316
LTP269,20,2,21,TUTU,0,0.8026956050547884
LTP269,20,2,22,DRESS,0,0.8619573477740186
LTP269,20,2,23,SHELTER,1,0.8241900036474112
LTP269,20,2,24,KEEPER,0,0.8249782984174253
LTP269,20,3,1,ROCKET,1,0.8893610738092097
LTP269,20,3,2,DOLPHIN,1,0.8425470776559046
LTP269,20,3,3,FLIPPER,1,0.8440455312394156
LTP269,20,3,4,GYMNAST,1,0.8589025158038305
LTP269,20,3,5,MEDAL,1,0.8463731488238049
LTP269,20,3,6,LEADER,1,0.8128629843998648
LTP269,20,3,7,SPACE,1,0.7839947549845309
LTP269,20,3,8,VENUS,1,0.8069108396396704
LTP269,20,3,9,HIGHWAY,1,0.7917684935678714
LTP269,20,3,10,SWAMP,1,0.7744654752111275
LTP269,20,3,11,POCKET,1,0.8647364451458648
LTP269,20,3,12,SEAFOOD,0,0.8714397415640646
LTP269,20,3,13,FLASK,1,0.8755921070315749
LTP269,20,3,14,PACKAGE,0,0.8480269820849115
LTP269,20,3,15,SPOON,0,0.8733467728658789
LTP269,20,3,16,RIFLE,0,0.8454569524293242
LTP269,20,3,17,MAPLE,1,0.785387559821867
LTP269,20,3,18,SNACK,1,0.870093006860587
LTP269,20,3,19,CLOCK,0,0.8412773092699218
LTP269,20,3,20,GARLIC,1,0.8478561661238869
LTP269,20,3,21,SALT,1,0.8577525808846551
LTP269,20,3,22,STONE,1,0.8455590476130246
LTP269,20,3,23,GANGSTER,1,0.8531903578833406
LTP269,20,3,24,SPOOL,1,0.8759317608081186
LTP269,20,4,1,ROBIN,1,0.8267000700703667
LTP269,20,4,2,ROOSTER,1,0.8739351345124138
LTP269,20,4,3,HAMPER,1,0.8776533096832683
LTP269,20,4,4,BUREAU,1,0.848105687918719
LTP269,20,4,5,EUROPE,1,0.7833553902517589
LTP269,20,4,6,MAILMAN,1,0.8861671479145466
LTP269,20,4,7,IGLOO,1,0.8325409924052722
LTP269,20,4,8,ICEBERG,1,0.8876821069060316
LTP269,20,4,9,BLACKBOARD,0,0.8364275966576795
LTP269,20,4,10,NECKLACE,0,0.8920751078665803
LTP269,20,4,11,TORTOISE,0,0.8903208672194983
LTP269,20,4,12,NAPKIN,0,0.8308470585055893
LTP269,20,4,13,ORANGE,0,0.8496063141778493
LTP269,20,4,14,PLIERS,0,0.8613938080324709
LTP269,20,4,15,EYELASH,0,0.8457708881993666
LTP269,20,4,16,SUBWAY,0,0.8813924331838893
LTP269,20,4,17,SPARROW,0,0.831588083790476
LTP269,20,4,18,DONOR,0,0.8315675817960846
LTP269,20,4,19,FOREST,0,0.8167333745173235
LTP269,20,4,20,BANQUET,1,0.8804665441123555
LTP269,20,4,21,SLUG,1,0.8572715800551126
LTP269,20,4,22,FRUIT,1,0.8361139765390763
LTP269,20,4,23,VALVE,1,0.8641682144160691
LTP269,20,4,24,ZEBRA,0,0.8746059703804694
LTP269,20,5,1,GRAVEL,0,0.7638146325432712
LTP269,20,5,2,GOBLIN,0,0.854916243789864
LTP269,20,5,3,COSTUME,0,0.863502422272923
LTP269,20,5,4,BRAKE,0,0.883102772616957
LTP269,20,5,5,AGENT,0,0.8009585834236629
LTP269,20,5,6,OMELET,0,0.8582828067629189
LTP269,20,5,7,FLUTE,0,0.8314454320959581
LTP269,20,5,8,PERMIT,0,0.8511050674618947
LTP269,20,5,9,SIDEWALK,0,0.863180438611659
LTP269,20,5,10,COTTAGE,0,0.8758909156267047
LTP269,20,5,11,MOP,0,0.805181441418498
LTP269,20,5,12,BOUQUET,0,0.872155179514092
LTP269,20,5,13,SHORTCAKE,0,0.847919479833894
LTP269,20,5,14,LOFT,0,0.8936623034864509
LTP269,20,5,15,PERFUME,0,0.8734291246791834
LTP269,20,5,16,ONION,0,0.8184943866090778
LTP269,20,5,17,CAFE,0,0.8112218739440572
LTP269,20,5,18,ROBBER,0,0.8358144416820545
LTP269,20,5,19,MAILBOX,1,0.8641622683763375
LTP269,20,5,20,DAISY,1,0.8306374093221405
LTP269,20,5,21,TURNIP,1,0.8865847632498903
LTP269,20,5,22,LUMBER,1,0.8707397038867946
LTP269,20,5,23,COOKBOOK,0,0.843944547367972
LTP269,20,5,24,ACTOR,1,0.7834359794150805
LTP269,20,6,1,QUARTER,0,0.8292870082748055
LTP269,20,6,2,DRAGON,0,0.8306347803527095
LTP269,20,6,3,BARREL,0,0.8238147843715166
LTP269,20,6,4,PEBBLE,0,0.8490614143070603
LTP269,20,6,5,LAKE,0,0.8328472319693284
LTP269,20,6,6,GIRL,0,0.851749120373852
LTP269,20,6,7,KETCHUP,0,0.8648692301426171
LTP269,20,6,8,TREAT,0,0.7015034766482576
LTP269,20,6,9,PATIENT,1,0.8130351110486578
LTP269,20,6,10,OINTMENT,1,0.8106059624731364
LTP269,20,6,11,BARLEY,1,0.8679654742497277
LTP269,20,6,12,CANDY,1,0.8759739397327382
LTP269,20,6,13,BANJO,1,0.8566019498309686
LTP269,20,6,14,POPCORN,0,0.8286878111057885
LTP269,20,6,15,RELISH,0,0.8188795169886038
LTP269,20,6,16,SALAD,0,0.8215203402872857
LTP269,20,6,17,SCALLOP,1,0.833539278672859
LTP269,20,6,18,SALMON,1,0.8421923126513667
LTP269,20,6,19,PEPPER,1,0.853819940582676
LTP269,20,6,20,VIKING,0,0.7717155180772372
LTP269,20,6,21,MARS,1,0.818793273114146
LTP269,20,6,22,PLUTO,1,0.8434903790712022
LTP269,20,6,23,TUBA,0,0.8035334290813783
LTP269,20,6,24,KNAPSACK,0,0.8281361353401416
LTP269,20,7,1,DRAWING,1,0.846212992224727
LTP269,20,7,2,FRAME,1,0.8764424461400959
LTP269,20,7,3,SWORD,1,0.7842444807248726
LTP269,20,7,4,RADISH,1,0.8593820517779299
LTP269,20,7,5,CANYON,1,0.8242558045744308
LTP269,20,7,6,TUNNEL,1,0.8657428269212852
LTP269,20,7,7,BUBBLE,1,0.8648770412790837
LTP269,20,7,8,BABY,1,0.8248400337922793
LTP269,20,7,9,MOTOR,0,0.778478830162951
LTP269,20,7,10,BALLOON,1,0.8824288533876119
LTP269,20,7,11,HARP,1,0.8763485237834712
LTP269,20,7,12,MILK,0,0.8227101796827944
LTP269,20,7,13,ARM,0,0.8215531253490714
LTP269,20,7,14,SUNRISE,0,0.8691592002577609
LTP269,20,7,15,DAUGHTER,0,0.8044344459415965
LTP269,20,7,16,RATTLE,0,0.8816264065910444
LTP269,20,7,17,SUNSET,0,0.8354675948510341
LTP269,20,7,18,LIGHTNING,0,0.8544381164976965
LTP269,20,7,19,QUAIL,0,0.8562906755874892
LTP269,20,7,20,SPOUSE,0,0.8660788480028632
LTP269,20,7,21,WIDOW,0,0.8292881683931114
LTP269,20,7,22,HAND,0,0.7981324768730679
LTP269,20,7,23,CHEMIST,0,0.8495951024819137
LTP269,20,7,24,BEAKER,0,0.8511841837962733
LTP269,20,8,1,HELMET,0,0.8528075479063858
LTP269,20,8,2,SUITCASE,0,0.8368077873759429
LTP269,20,8,3,FOREHEAD,0,0.8043327689798008
LTP269,20,8,4,FREEZER,0,0.8204025507771313
LTP269,20,8,5,DINER,0,0.7937834435876505
LTP269,20,8,6,RAZOR,0,0.8494851005195057
LTP269,20,8,7,XEROX,0,0.8606535812254771
LTP269,20,8,8,COD,0,0.8004418923026249
LTP269,20,8,9,JELLY,0,0.8537066613692412
LTP269,20,8,10,SILK,0,0.8689102777880725
LTP269,20,8,11,PADDING,0,0.8533070646582962
LTP269,20,8,12,RAFT,0,0.8568539323476171
LTP269,20,8,13,CARROT,0,0.8494274732103421
LTP269,20,8,14,BUNNY,0,0.8497404588815579
LTP269,20,8,15,SEAL,0,0.774227500615041
LTP269,20,8,16,BUTCHER,0,0.8456037263877911
LTP269,20,8,17,COCKTAIL,0,0.8593575162003196
LTP269,20,8,18,PILOT,0,0.872342987623189
LTP269,20,8,19,FRECKLE,0,0.8610563266679375
LTP269,20,8,20,HUMAN,0,0.7997007246772995
LTP269,20,8,21,OX,0,0.7969800621004424
LTP269,20,8,22,SCARF,0,0.8645521727373414
LTP269,20,8,23,TART,0,0.8322835026589191
LTP269,20,8,24,MEAT,0,0.8549389547022666
LTP269,20,9,1,INMATE,1,0.8485628017383254
LTP269,20,9,2,BRIEFCASE,1,0.8512066926001008
LTP269,20,9,3,ROBOT,1,0.8384806678064097
LTP269,20,9,4,TWISTER,1,0.8401223943887693
LTP269,20,9,5,PIZZA,0,0.830078077281955
LTP269,20,9,6,PIGEON,0,0.8939994828279103
LTP269,20,9,7,CROWN,0,0.8643227185218553
LTP269,20,9,8,BASEMENT,0,0.8657966816140781
LTP269,20,9,9,GARDEN,0,0.8410639109836316
LTP269,20,9,10,BLUEPRINT,0,0.9027759888610117
LTP269,20,9,11,CELLAR,0,0.8629107080369403
LTP269,20,9,12,OUTFIT,0,0.8730251030173912
LTP269,20,9,13,REBEL,1,0.8402869101535445
LTP269,20,9,14,PLAYGROUND,1,0.857048716003793
LTP269,20,9,15,BANKER,0,0.8881477530952179
LTP269,20,9,16,LIZARD,0,0.868999786261963
LTP269,20,9,17,PUDDING,0,0.8795035132624638
LTP269,20,9,18,JELLO,0,0.8585797274500193
LTP269,20,9,19,MARKET,0,0.867047596526149
LTP269,20,9,20,SUPPER,0,0.7920325300995824
LTP269,20,9,21,DRILL,0,0.8657267502169802
LTP269,20,9,22,COIN,0,0.83886595603278
LTP269,20,9,23,PERCH,0,0.8892862071997518
LTP269,20,9,24,TROUT,0,0.7994202596181166
LTP269,20,10,1,SPONGE,0,0.8629401923354283
LTP269,20,10,2,PAIL,0,0.8457415301102622
LTP269,20,10,3,BUGGY,0,0.8732881269896837
LTP269,20,10,4,CARRIAGE,0,0.8596762300586289
LTP269,20,10,5,SLIME,0,0.8754708667472306
LTP269,20,10,6,PASSAGE,0,0.8663110440559791
LTP269,20,10,7,JURY,0,0.8340268283023539
LTP269,20,10,8,STAPLE,0,0.8571943344950579
LTP269,20,10,9,REPORT,0,0.8089890339151131
LTP269,20,10,10,COMPASS,0,0.8820608517607211
LTP269,20,10,11,ATLAS,0,0.7571279925807429
LTP269,20,10,12,ORCHID,0,0.8552247556218923
LTP269,20,10,13,MATTRESS,1,0.8714442526874294
LTP269,20,10,14,HERO,1,0.8621730196956627
LTP269,20,10,15,SHELF,0,0.816951507342353
LTP269,20,10,16,BATHTUB,0,0.8502621338426929
LTP269,20,10,17,LASER,0,0.7760286320698477
LTP269,20,10,18,SOFTBALL,0,0.8704774621904501
LTP269,20,10,19,BOX,0,0.7678026707671665
LTP269,20,10,20,BULLET,0,0.8673577247354923
LTP269,20,10,21,UNCLE,0,0.801273798998084
LTP269,20,10,22,MOTEL,0,0.8776884724803767
LTP269,20,10,23,CRUTCH,0,0.8802114007765005
LTP269,20,10,24,TILE,0,0.8456318688890444
LTP269,20,11,1,MUSTARD,1,0.7686447849798834
LTP269,20,11,2,APPLE,1,0.847653749219025
LTP269,20,11,3,OZONE,1,0.8465178440071963
LTP269,20,11,4,DRIVER,1,0.8310087829032468
LTP269,20,11,5,OYSTER,0,0.857086808386642
LTP269,20,11,6,STICKER,1,0.8601123981834813
LTP269,20,11,7,DASHBOARD,0,0.8810297721859818
LTP269,20,11,8,CORAL,1,0.8399006336856655
LTP269,20,11,9,CRAB,1,0.8621886829517506
LTP269,20,11,10,MARKER,0,0.8645493612283236
LTP269,20,11,11,GUITAR,0,0.7695094836344685
LTP269,20,11,12,PREACHER,0,0.8461223878986568
LTP269,20,11,13,CUPBOARD,0,0.8874503305021991
LTP269,20,11,14,CITRUS,0,0.8649058473199132
LTP269,20,11,15,LION,0,0.8336740957944005
LTP269,20,11,16,SKILLET,0,0.8898850955367235
LTP269,20,11,17,CLAM,0,0.7909935488426184
LTP269,20,11,18,PEDAL,0,0.8591059843980328
LTP269,20,11,19,BIKE,0,0.876642633129134
LTP269,20,11,20,EAGLE,1,0.8415646025541325
LTP269,20,11,21,LUNCH,1,0.806543267160451
LTP269,20,11,22,TWIG,0,0.8493436411078877
LTP269,20,11,23,PASTRY,0,0.8626574664019773
LTP269,20,11,24,HEART,0,0.8674918375605037
LTP269,20,12,1,MISSILE,0,0.8461639107088793
LTP269,20,12,2,TAXI,0,0.863065061950335
LTP269,20,12,3,HIKER,0,0.8656348855898051
LTP269,20,12,4,MARROW,0,0.8779445345513075
LTP269,20,12,5,BODY,0,0.7445808343998527
LTP269,20,12,6,PIMPLE,0,0.8677107294553649
LTP269,20,12,7,ISLAND,0,0.7691856724460477
LTP269,20,12,8,PORK,1,0.8527115690092353
LTP269,20,12,9,PIANO,0,0.8530425247900674
LTP269,20,12,10,NIGHTGOWN,0,0.8311091291948755
LTP269,20,12,11,CLOTHES,0,0.8670770009341786
LTP269,20,12,12,PATROL,1,0.8645801948989982
LTP269,20,12,13,JOURNAL,1,0.838280105086294
LTP269,20,12,14,FOX,0,0.7980309005108599
LTP269,20,12,15,CLAMP,1,0.7981434431656678
LTP269,20,12,16,SUMMIT,0,0.8399477115690563
LTP269,20,12,17,SEAGULL,0,0.884658527644597
LTP269,20,12,18,CABIN,0,0.8387820522798272
LTP269,20,12,19,LONDON,0,0.8132529883235524
LTP269,20,12,20,FRANCE,0,0.8557635228979545
LTP269,20,12,21,ITEM,0,0.8280840445781557
LTP269,20,12,22,GREASE,1,0.8567345976919031
LTP269,20,12,23,LIPSTICK,1,0.8719177924463749
LTP269,20,12,24,TROMBONE,1,0.8793674246714044
LTP269,20,13,1,CREATURE,0,0.8543430362841175
LTP269,20,13,2,JEANS,1,0.8601335845336662
LTP269,20,13,3,SHORTS,1,0.8176465624228798
LTP269,20,13,4,SERVER,1,0.8179289275419843
LTP269,20,13,5,GRAPE,0,0.7746185209930441
LTP269,20,13,6,LADDER,1,0.8292428255895586
LTP269,20,13,7,COBRA,1,0.8109899981525084
LTP269,20,13,8,COUNTY,0,0.8447564974528318
LTP269,20,13,9,DOUGHNUT,1,0.8856394130838183
LTP269,20,13,10,CYCLONE,0,0.8819088335913682
LTP269,20,13,11,SKIRT,1,0.8545613064723114
LTP269,20,13,12,WAGON,0,0.8471450362203883
LTP269,20,13,13,COURSE,0,0.8336507425572114
LTP269,20,13,14,BLOUSE,1,0.8747580247325277
LTP269,20,13,15,COUNTRY,0,0.8529202700936558
LTP269,20,13,16,STOMACH,1,0.8204421830769378
LTP269,20,13,17,GAZELLE,0,0.8579685694537221
LTP269,20,13,18,MONSTER,0,0.8502531577722288
LTP269,20,13,19,CHIPMUNK,0,0.8791564809985112
LTP269,20,13,20,GIFT,0,0.8486680265938357
LTP269,20,13,21,FLEET,1,0.838225532707088
LTP269,20,13,22,COLONEL,1,0.8796931041976211
LTP269,20,13,23,CONTRACT,1,0.8172789892679668
LTP269,20,13,24,ICING,1,0.8512173801296906
LTP269,20,14,1,FRAGRANCE,1,0.8765927344474869
LTP269,20,14,2,CAPTIVE,1,0.837690506668442
LTP269,20,14,3,CONVICT,1,0.8358897610475848
LTP269,20,14,4,TRANSPLANT,0,0.7963474484859101
LTP269,20,14,5,SWITCH,0,0.780050611630117
LTP269,20,14,6,NEUTRON,0,0.8957334082735932
LTP269,20,14,7,IDOL,0,0.7872502447751969
LTP269,20,14,8,PARTNER,0,0.849464804916196
LTP269,20,14,9,GALLON,0,0.8436303846763903
LTP269,20,14,10,ANTLER,0,0.8658054239497642
LTP269,20,14,11,LOVER,0,0.7971199464424362
LTP269,20,14,12,MILDEW,0,0.8822909469931214
LTP269,20,14,13,POLICE,1,0.8275862819408714
LTP269,20,14,14,COMET,0,0.842222605299654
LTP269,20,14,15,THREAD,1,0.8452208638778292
LTP269,20,14,16,JUNGLE,1,0.8790592029782217
LTP269,20,14,17,AWARD,1,0.8396888748534556
LTP269,20,14,18,SHERIFF,1,0.8818159685906146
LTP269,20,14,19,CURTAIN,0,0.8937412187061443
LTP269,20,14,20,BADGE,1,0.8379074689890598
LTP269,20,14,21,VIRUS,0,0.8173570556484513
LTP269,20,14,22,CASKET,0,0.8890855525472094
LTP269,20,14,23,BOYFRIEND,0,0.8729142954158534
LTP269,20,14,24,FRIEND,0,0.8455134966281745
LTP269,20,15,1,NOVEL,1,0.8309703686246221
LTP269,20,15,2,MARSH,1,0.8705384956153405
LTP269,20,15,3,SHOVEL,1,0.8968982753762306
LTP269,20,15,4,GLOVE,1,0.8879999131409355
LTP269,20,15,5,ELBOW,0,0.8535651815445526
LTP269,20,15,6,TOMBSTONE,1,0.8795629258836688
LTP269,20,15,7,BUCKET,0,0.8616976712934159
LTP269,20,15,8,BOARD,0,0.7883778473543931
LTP269,20,15,9,STREAM,0,0.8744248228500736
LTP269,20,15,10,WORLD,0,0.8137083353779612
LTP269,20,15,11,CATCHER,1,0.8698901581037617
LTP269,20,15,12,JUDGE,1,0.8273207359162797
LTP269,20,15,13,SUSPECT,1,0.8736618249341171
LTP269,20,15,14,ANKLE,0,0.8616566800311661
LTP269,20,15,15,PLAZA,0,0.7918372888649658
LTP269,20,15,16,CATTLE,0,0.8855622406117051
LTP269,20,15,17,WRENCH,0,0.8419952380143088
LTP269,20,15,18,BRANDY,0,0.8726985398145222
LTP269,20,15,19,EMPIRE,0,0.8352625348928354
LTP269,20,15,20,FRIAR,1,0.8483969159849679
LTP269,20,15,21,SHOULDER,0,0.8651580193785751
LTP269,20,15,22,CHURCH,0,0.8126876517475473
LTP269,20,15,23,TEMPLE,0,0.8691445204765643
LTP269,20,15,24,GRAVE,0,0.7809584659342717
LTP269,20,16,1,WASP,1,0.8128803685665489
LTP269,20,16,2,DRINK,1,0.7872022788652486
LTP269,20,16,3,CHAMPAGNE,1,0.823548045310881
LTP269,20,16,4,LEOPARD,1,0.8316572648894033
LTP269,20,16,5,DIVER,1,0.7525822141020563
LTP269,20,16,6,CRICKET,1,0.8552245504018496
LTP269,20,16,7,TERMITE,1,0.8575491397179703
LTP269,20,16,8,HONEY,1,0.8527020134772451
LTP269,20,16,9,CHEST,1,0.7645032369608952
LTP269,20,16,10,TURKEY,0,0.8342849296353384
LTP269,20,16,11,COOK,0,0.8052899533619687
LTP269,20,16,12,GLASS,0,0.8483851347572792
LTP269,20,16,13,BANK,0,0.857649334684984
LTP269,20,16,14,DIME,0,0.8195248645243581
LTP269,20,16,15,COFFEE,0,0.8256295797473283
LTP269,20,16,16,MESSAGE,0,0.8348638366888258
LTP269,20,16,17,STAMP,1,0.769849026477708
LTP269,20,16,18,TOASTER,0,0.8176422338295801
LTP269,20,16,19,HORSE,0,0.8328305764427113
LTP269,20,16,20,PAPER,0,0.7666975652225668
LTP269,20,16,21,QUEEN,0,0.8411416569666145
LTP269,20,16,22,KLEENEX,0,0.8140287408489159
LTP269,20,16,23,BROTHER,0,0.8420545562102247
LTP269,20,16,24,BINDER,1,0.8347007077042021
LTP269,20,17,1,SHARK,1,0.7773256787869214
LTP269,20,17,2,POSSUM,1,0.8439281176416514
LTP269,20,17,3,BEAVER,1,0.8429614459954087
LTP269,20,17,4,SCALPEL,1,0.8822247077828731
LTP269,20,17,5,DENTIST,1,0.8364090441126893
LTP269,20,17,6,BACKBONE,1,0.8892705274305703
LTP269,20,17,7,SCOTCH,1,0.8634551060667747
LTP269,20,17,8,WASHER,0,0.8486680162928506
LTP269,20,17,9,SLOPE,0,0.8575578760760939
LTP269,20,17,10,UMPIRE,0,0.8540428605639864
LTP269,20,17,11,LAGOON,1,0.830463256204074
LTP269,20,17,12,VALLEY,1,0.8839445642219651
LTP269,20,17,13,WHISKERS,1,0.8678782227218041
LTP269,20,17,14,FILM,0,0.8645937210754312
LTP269,20,17,15,OFFICE,0,0.8501381334903904
LTP269,20,17,16,CLIMBER,0,0.8341478358726787
LTP269,20,17,17,APRON,0,0.8811298831193395
LTP269,20,17,18,WORKER,0,0.8544491632390053
LTP269,20,17,19,PADDLE,1,0.8679102190632016
LTP269,20,17,20,PRINCE,1,0.8141638109142505
LTP269,20,17,21,PARSLEY,1,0.8714542130872791
LTP269,20,17,22,FUNGUS,1,0.8629152755997581
LTP269,20,17,23,DORM,0,0.786065773378728
LTP269,20,17,24,BACON,0,0.7888951188051665
LTP269,20,18,1,LILY,0,0.8092374385524309
LTP269,20,18,2,INFANT,0,0.8680493581803954
LTP269,20,18,3,NURSE,0,0.8754698785726268
LTP269,20,18,4,CHAPEL,0,0.8346150983874505
LTP269,20,18,5,CROSS,0,0.8764992613988889
LTP269,20,18,6,CUSTARD,0,0.8719289614824671
LTP269,20,18,7,WITNESS,0,0.8235318908072198
LTP269,20,18,8,AIRPORT,0,0.8424666182651808
LTP269,20,18,9,BISON,0,0.8686700068009627
LTP269,20,18,10,YARN,0,0.8758352753767557
LTP269,20,18,11,SNAKE,0,0.8997222258485952
LTP269,20,18,12,BLOCKADE,0,0.8560348851826474
LTP269,20,18,13,BRICK,0,0.8978364951891119
LTP269,20,18,14,PUDDLE,0,0.8929062632463334
LTP269,20,18,15,MUFFIN,0,0.8544638175305955
LTP269,20,18,16,PRIMATE,0,0.834956771303124
LTP269,20,18,17,COUSIN,0,0.872684767073741
LTP269,20,18,18,BURGLAR,1,0.8822079069399906
LTP269,20,18,19,FIREMAN,0,0.884165855649662
LTP269,20,18,20,PALACE,0,0.8624877350728417
LTP269,20,18,21,PRINCESS,0,0.8944288248883441
LTP269,20,18,22,MASK,0,0.7971951806774707
LTP269,20,18,23,POWDER,0,0.8302271389494646
LTP269,20,18,24,FLOWER,1,0.883336079239187
LTP269,20,19,1,CEILING,1,0.8425343811179856
LTP269,20,19,2,GARBAGE,0,0.8796985541336594
LTP269,20,19,3,CAMEL,1,0.8891531468824209
LTP269,20,19,4,STOVE,1,0.8506329851806134
LTP269,20,19,5,PISTOL,1,0.868630969576718
LTP269,20,19,6,EGYPT,1,0.8545847399820016
LTP269,20,19,7,SPIDER,0,0.8720056756370269
LTP269,20,19,8,COCOON,0,0.8146194969621853
LTP269,20,19,9,TRENCH,0,0.8277842476183742
LTP269,20,19,10,LAVA,0,0.7963498624926113
LTP269,20,19,11,LADY,0,0.8027487533045159
LTP269,20,19,12,PLASTER,0,0.8041017229113208
LTP269,20,19,13,MACHINE,0,0.8369371595986941
LTP269,20,19,14,HOSTESS,0,0.8367334684724391
LTP269,20,19,15,WAITER,0,0.8459216891835045
LTP269,20,19,16,ULCER,0,0.8441040077323354
LTP269,20,19,17,YOLK,0,0.8700696957055707
LTP269,20,19,18,BREAST,1,0.8704828162346736
LTP269,20,19,19,CIGAR,1,0.8613345785826673
LTP269,20,19,20,MISTER,1,0.820212162255741
LTP269,20,19,21,FINGER,0,0.893206578791872
LTP269,20,19,22,PARROT,1,0.8491541774832402
LTP269,20,19,23,STATUE,1,0.8074292373604313
LTP269,20,19,24,CONCERT,0,0.8081831636291195
LTP269,20,20,1,MUMMY,0,0.8583016842300278
LTP269,20,20,2,LUGGAGE,0,0.8877894196047409
LTP269,20,20,3,CANAL,0,0.8653200682664572
LTP269,20,20,4,RIVER,0,0.8731576570438435
LTP269,20,20,5,JUGGLER,0,0.850301312958173
LTP269,20,20,6,CLOUD,0,0.8511017726270936
LTP269,20,20,7,DRESSER,0,0.8547313598160502
LTP269,20,20,8,TOURIST,0,0.8589702814216273
LTP269,20,20,9,VICTIM,0,0.8147390538326973
LTP269,20,20,10,SPHINX,0,0.8623273537222694
LTP269,20,20,11,LODGE,0,0.8729606857497764
LTP269,20,20,12,WINDOW,0,0.8381282550696469
LTP269,20,20,13,DANCER,0,0.8885917501019214
LTP269,20,20,14,LEG,0,0.8478683297127203
LTP269,20,20,15,HORNET,0,0.8727012466695382
LTP269,20,20,16,GRIZZLY,1,0.8663066225460833
LTP269,20,20,17,BEAST,1,0.8061109581260117
LTP269,20,20,18,BROOK,1,0.8425545370073505
LTP269,20,20,19,FIREPLACE,1,0.8770297093401236
LTP269,20,20,20,STAKE,1,0.8177098433132477
LTP269,20,20,21,FIDDLE,1,0.9032931390675567
LTP269,20,20,22,SLIDE,0,0.8738713068402537
LTP269,20,20,23,SMOG,0,0.8535425015900836
LTP269,20,20,24,LABEL,0,0.854868400303717
LTP269,20,21,1,HEDGE,0,0.8597955355726906
LTP269,20,21,2,DENIM,1,0.8598081050761999
LTP269,20,21,3,TURTLE,0,0.8963288684297558
LTP269,20,21,4,SHRUB,0,0.8630012224289374
LTP269,20,21,5,BRANCH,0,0.8423331681337081
LTP269,20,21,6,HOOK,0,0.8910794994259699
LTP269,20,21,7,TWEEZERS,0,0.8446058388918098
LTP269,20,21,8,LAMP,0,0.8380652552517515
LTP269,20,21,9,FLASHLIGHT,0,0.847226085744792
LTP269,20,21,10,TABLET,0,0.8724507595528882
LTP269,20,21,11,WIFE,0,0.7906017534983294
LTP269,20,21,12,LACE,0,0.8168591012060515
LTP269,20,21,13,PARENT,0,0.7925917788922555
LTP269,20,21,14,SISTER,0,0.7954696280811014
LTP269,20,21,15,GHETTO,0,0.8804734745051891
LTP269,20,21,16,HEADBAND,0,0.8698121837425964
LTP269,20,21,17,PISTON,0,0.8739362945389643
LTP269,20,21,18,HOOD,0,0.8753544545311333
LTP269,20,21,19,PIGMENT,0,0.8787652399566377
LTP269,20,21,20,KIDNEY,1,0.8609902616450985
LTP269,20,21,21,RABBIT,1,0.8300902093150567
LTP269,20,21,22,VAGRANT,1,0.8450673913793961
LTP269,20,21,23,PICNIC,1,0.8303619397716595
LTP269,20,21,24,KITCHEN,1,0.8785734003567262
LTP269,20,22,1,SCARECROW,0,0.8903684344509327
LTP269,20,22,2,PEANUT,0,0.871182113930766
LTP269,20,22,3,STALLION,1,0.8616269025282871
LTP269,20,22,4,SNAIL,0,0.8781259024270129
LTP269,20,22,5,VELVET,0,0.870283798670902
LTP269,20,22,6,NOMAD,0,0.8115397447246947
LTP269,20,22,7,COWBOY,1,0.8580141112149292
LTP269,20,22,8,GLOBE,0,0.8375065950918823
LTP269,20,22,9,CRAYON,0,0.8892067098887668
LTP269,20,22,10,CHAUFFEUR,0,0.8442858387818069
LTP269,20,22,11,HATCHET,1,0.8649883984294161
LTP269,20,22,12,KNIFE,0,0.8332187018868791
LTP269,20,22,13,DANDRUFF,0,0.8987641460456126
LTP269,20,22,14,HOUND,0,0.8952465130524468
LTP269,20,22,15,PUPPY,0,0.8844123167159826
LTP269,20,22,16,SIBLING,0,0.8553908810738196
LTP269,20,22,17,SADDLE,0,0.8702520572085977
LTP269,20,22,18,SURVEY,0,0.8262261311610679
LTP269,20,22,19,FARMER,0,0.8160463322863883
LTP269,20,22,20,FLESH,0,0.8473895334414695
LTP269,20,22,21,RECORD,0,0.8460463338615579
LTP269,20,22,22,YACHT,0,0.8784390855372316
LTP269,20,22,23,SAUSAGE,0,0.8262211297984656
LTP269,20,22,24,LIVER,0,0.82072490273977
LTP269,20,23,1,BUG,0,0.8371040840831393
LTP269,20,23,2,HANDBAG,0,0.8803681231172531
LTP269,20,23,3,PENGUIN,0,0.8950394492293926
LTP269,20,23,4,HUSBAND,0,0.8500186281264451
LTP269,20,23,5,LETTUCE,0,0.87912982625647
LTP269,20,23,6,RUST,0,0.854538239025268
LTP269,20,23,7,THRONE,0,0.8574308499616988
LTP269,20,23,8,COUCH,0,0.8399372222632351
LTP269,20,23,9,TABLE,0,0.846566455825547
LTP269,20,23,10,ROD,0,0.840990878652396
LTP269,20,23,11,SANDWICH,0,0.8938774752530048
LTP269,20,23,12,TRUCK,0,0.8420227148872012
LTP269,20,23,13,GUARD,0,0.8679449389203304
LTP269,20,23,14,POET,0,0.8136609605037095
LTP269,20,23,15,BEEF,0,0.8096906194578797
LTP269,20,23,16,TRACTOR,0,0.8387682950338216
LTP269,20,23,17,PORTRAIT,1,0.8787670803575893
LTP269,20,23,18,GRILL,1,0.8676555938414359
LTP269,20,23,19,CABBAGE,1,0.8394108612149667
LTP269,20,23,20,DUSTPAN,1,0.8822345424124202
LTP269,20,23,21,DUST,1,0.8447459006729402
LTP269,20,23,22,WARDROBE,0,0.8942596228398753
LTP269,20,23,23,SCRIBBLE,0,0.8258505961501692
LTP269,20,23,24,SODA,1,0.7921198756552692
LTP269,20,24,1,ASIA,0,0.7941611225836263
LTP269,20,24,2,STAR,0,0.8403412498589535
LTP269,20,24,3,SHIRT,0,0.8548404599979585
LTP269,20,24,4,LAPEL,0,0.8477279832918647
LTP269,20,24,5,SERVANT,0,0.7934483086797566
LTP269,20,24,6,WAITRESS,0,0.8401626208840802
LTP269,20,24,7,WRIST,0,0.8681905655234705
LTP269,20,24,8,FLAG,0,0.7868659413051384
LTP269,20,24,9,JAPAN,0,0.7996529729963511
LTP269,20,24,10,COLLEGE,0,0.8680420941256715
LTP269,20,24,11,GAVEL,0,0.7997019342363938
LTP269,20,24,12,DONKEY,0,0.8824122803629697
LTP269,20,24,13,BRACES,0,0.8630323770850306
LTP269,20,24,14,CRITIC,0,0.8210387442446474
LTP269,20,24,15,THIEF,0,0.8441575135507442
LTP269,20,24,16,CHILD,0,0.8352229383528031
LTP269,20,24,17,GROUND,0,0.8205545459018366
LTP269,20,24,18,MAMMAL,1,0.7996704789102778
LTP269,20,24,19,BLADE,0,0.872816289941963
LTP269,20,24,20,OUTLAW,1,0.8725644279123375
LTP269,20,24,21,OUTDOORS,1,0.8115261120102005
LTP269,20,24,22,PANTHER,1,0.8496269917571846
LTP269,20,24,23,CRIB,1,0.8474638637781151
LTP269,20,24,24,AIRPLANE,0,0.8590123099359854
